/*
SQLyog Ultimate v13.1.1 (64 bit)
MySQL - 5.5.62-log : Database - pay
*********************************************************************
*/

/*!40101 SET NAMES utf8 */;

/*!40101 SET SQL_MODE=''*/;

/*!40014 SET @OLD_UNIQUE_CHECKS=@@UNIQUE_CHECKS, UNIQUE_CHECKS=0 */;
/*!40014 SET @OLD_FOREIGN_KEY_CHECKS=@@FOREIGN_KEY_CHECKS, FOREIGN_KEY_CHECKS=0 */;
/*!40101 SET @OLD_SQL_MODE=@@SQL_MODE, SQL_MODE='NO_AUTO_VALUE_ON_ZERO' */;
/*!40111 SET @OLD_SQL_NOTES=@@SQL_NOTES, SQL_NOTES=0 */;
/*Table structure for table `think_ad_buy` */

DROP TABLE IF EXISTS `think_ad_buy`;

CREATE TABLE `think_ad_buy` (
  `id` bigint(20) NOT NULL AUTO_INCREMENT,
  `ad_no` varchar(15) NOT NULL COMMENT '挂单唯一编号',
  `userid` int(11) NOT NULL COMMENT '发布用户id',
  `location` int(10) NOT NULL COMMENT '地区',
  `currency` int(10) NOT NULL COMMENT '货币',
  `margin` decimal(4,2) NOT NULL DEFAULT '0.00' COMMENT '溢价',
  `min_limit` decimal(12,2) NOT NULL DEFAULT '0.00' COMMENT '限额（最小）',
  `max_limit` decimal(12,2) NOT NULL DEFAULT '0.00' COMMENT '限额（最大）',
  `pay_method` tinyint(4) NOT NULL COMMENT '支付方式',
  `message` varchar(500) NOT NULL COMMENT '留言',
  `due_time` int(10) NOT NULL COMMENT '购买付款期限(分钟)',
  `safe_option` tinyint(1) NOT NULL DEFAULT '0' COMMENT '安全选项,0不开启,1开启',
  `trust_only` tinyint(1) NOT NULL DEFAULT '0' COMMENT '仅限受信任的交易者(0关闭,1开启)',
  `open_time` varchar(100) NOT NULL DEFAULT '1,1,1,1,1,1,1' COMMENT '开启时间(单个1开启,单个0关闭,0-1表示0点到1点开启)',
  `add_time` int(10) NOT NULL COMMENT '添加时间',
  `state` tinyint(1) NOT NULL DEFAULT '0' COMMENT '状态(1进行中,2下架,3已完成)',
  `finished_time` int(10) DEFAULT NULL,
  `type` tinyint(1) NOT NULL DEFAULT '0' COMMENT '默认值，不用赋值',
  `coin` int(10) NOT NULL DEFAULT '0',
  `fee` decimal(5,2) NOT NULL DEFAULT '0.00',
  `amount` int(11) DEFAULT '0' COMMENT '购买数量',
  `price` decimal(10,2) DEFAULT '0.00',
  `pay_method2` tinyint(4) DEFAULT NULL COMMENT '支付宝',
  `pay_method3` tinyint(4) DEFAULT NULL COMMENT '微信',
  `pay_method4` tinyint(4) DEFAULT NULL COMMENT '云闪付',
  PRIMARY KEY (`id`),
  UNIQUE KEY `ad_no` (`ad_no`) USING BTREE,
  KEY `userid` (`userid`) USING BTREE,
  KEY `currency` (`currency`) USING BTREE,
  KEY `trust_only` (`trust_only`) USING BTREE,
  KEY `add_time` (`add_time`) USING BTREE,
  KEY `state` (`state`) USING BTREE
) ENGINE=InnoDB AUTO_INCREMENT=6 DEFAULT CHARSET=utf8;

/*Data for the table `think_ad_buy` */

insert  into `think_ad_buy`(`id`,`ad_no`,`userid`,`location`,`currency`,`margin`,`min_limit`,`max_limit`,`pay_method`,`message`,`due_time`,`safe_option`,`trust_only`,`open_time`,`add_time`,`state`,`finished_time`,`type`,`coin`,`fee`,`amount`,`price`,`pay_method2`,`pay_method3`,`pay_method4`) values 
(1,'cgvtn1567307962',4,0,0,0.00,1.00,7210.00,0,'',0,0,0,'1,1,1,1,1,1,1',1567307962,2,NULL,0,0,0.00,1000,7.21,2,2,0),
(2,'oekhy1567308500',4,0,0,0.00,1.00,7150.00,0,'',0,0,0,'1,1,1,1,1,1,1',1567308500,2,NULL,0,0,0.00,1000,7.15,0,2,0),
(3,'nlgqm1567319731',4,0,0,0.00,1.00,714.00,0,'',0,0,0,'1,1,1,1,1,1,1',1567319731,2,NULL,0,0,0.00,100,7.14,0,2,0),
(4,'ztdpg1567420751',4,0,0,0.00,1.00,7150.00,2,'',0,0,0,'1,1,1,1,1,1,1',1567420751,2,NULL,0,0,0.00,1000,7.15,2,0,0),
(5,'cqkae1568949232',6,0,0,0.00,0.10,7.01,0,'',0,0,0,'1,1,1,1,1,1,1',1568949232,2,NULL,0,0,0.00,1,7.01,4,0,0);

/*Table structure for table `think_ad_sell` */

DROP TABLE IF EXISTS `think_ad_sell`;

CREATE TABLE `think_ad_sell` (
  `id` bigint(20) NOT NULL AUTO_INCREMENT,
  `ad_no` varchar(15) NOT NULL COMMENT '挂单唯一编号',
  `userid` int(11) NOT NULL COMMENT '发布用户id',
  `location` int(10) NOT NULL COMMENT '地区',
  `currency` int(10) NOT NULL COMMENT '货币',
  `margin` decimal(4,2) NOT NULL DEFAULT '0.00' COMMENT '溢价',
  `min_price` decimal(12,2) DEFAULT '0.00',
  `min_limit` decimal(12,2) NOT NULL DEFAULT '0.00',
  `max_limit` decimal(12,2) NOT NULL DEFAULT '0.00',
  `pay_method` varchar(20) NOT NULL COMMENT '支付方式',
  `message` varchar(500) NOT NULL COMMENT '留言',
  `safe_option` tinyint(1) NOT NULL DEFAULT '0' COMMENT '安全选项,0不开启,1开启',
  `trust_only` tinyint(1) NOT NULL DEFAULT '0' COMMENT '仅限受信任的交易者(0关闭,1开启)',
  `open_time` varchar(100) NOT NULL DEFAULT '1,1,1,1,1,1,1' COMMENT '开启时间(单个1开启,单个0关闭,0-1表示0点到1点开启)',
  `add_time` int(10) NOT NULL COMMENT '添加时间',
  `state` tinyint(1) NOT NULL DEFAULT '1' COMMENT '状态(1进行中,2下架,3完成)',
  `finished_time` int(10) DEFAULT NULL COMMENT '完成时间',
  `type` tinyint(1) NOT NULL DEFAULT '1',
  `coin` int(10) NOT NULL DEFAULT '0',
  `fee` decimal(4,2) DEFAULT '0.00',
  `price` decimal(12,2) DEFAULT '0.00',
  `is_check` tinyint(4) DEFAULT '0' COMMENT '0:待审核，1：通过，2：拒绝',
  `amount` int(11) DEFAULT '0' COMMENT '出售数量',
  `pay_method2` tinyint(4) DEFAULT NULL COMMENT '支付宝',
  `pay_method3` tinyint(4) DEFAULT NULL COMMENT '微信',
  `pay_method4` tinyint(4) DEFAULT NULL COMMENT '云闪付',
  PRIMARY KEY (`id`),
  UNIQUE KEY `ad_no` (`ad_no`) USING BTREE,
  KEY `userid` (`userid`) USING BTREE,
  KEY `currency` (`currency`) USING BTREE,
  KEY `trust_only` (`trust_only`) USING BTREE,
  KEY `add_time` (`add_time`) USING BTREE,
  KEY `state` (`state`) USING BTREE
) ENGINE=InnoDB AUTO_INCREMENT=51 DEFAULT CHARSET=utf8;

/*Data for the table `think_ad_sell` */

insert  into `think_ad_sell`(`id`,`ad_no`,`userid`,`location`,`currency`,`margin`,`min_price`,`min_limit`,`max_limit`,`pay_method`,`message`,`safe_option`,`trust_only`,`open_time`,`add_time`,`state`,`finished_time`,`type`,`coin`,`fee`,`price`,`is_check`,`amount`,`pay_method2`,`pay_method3`,`pay_method4`) values 
(1,'oivxa1567236364',2,0,0,0.00,0.00,1.00,7230.00,'1','',0,0,'1,1,1,1,1,1,1',1567236364,2,NULL,1,0,0.00,7.23,0,1000,1,0,0),
(2,'tqfln1567306574',4,0,0,0.00,0.00,1.00,713.00,'2','',0,0,'1,1,1,1,1,1,1',1567306574,2,NULL,1,0,0.00,7.13,0,100,2,2,0),
(3,'dpifx1567309592',4,0,0,0.00,0.00,1.00,7130.00,'','',0,0,'1,1,1,1,1,1,1',1567309592,2,NULL,1,0,0.00,7.13,0,1000,2,2,0),
(4,'qewdk1567317148',4,0,0,0.00,0.00,1.00,2154.00,'','',0,0,'1,1,1,1,1,1,1',1567317148,2,NULL,1,0,0.00,7.18,0,300,0,2,0),
(5,'avadz1567318905',4,0,0,0.00,0.00,1.00,718.00,'2','',0,0,'1,1,1,1,1,1,1',1567318905,2,NULL,1,0,0.00,7.18,0,100,0,0,0),
(6,'tiovh1567319305',4,0,0,0.00,0.00,1.00,3590.00,'2','',0,0,'1,1,1,1,1,1,1',1567319305,2,NULL,1,0,0.00,7.18,0,500,2,0,0),
(7,'ttask1567321213',4,0,0,0.00,0.00,1.00,7180.00,'','',0,0,'1,1,1,1,1,1,1',1567321213,2,NULL,1,0,0.00,7.18,0,1000,0,2,0),
(8,'opcly1567327913',4,0,0,0.00,0.00,1.00,7180.00,'','',0,0,'1,1,1,1,1,1,1',1567327913,2,NULL,1,0,0.00,7.18,0,1000,0,2,0),
(9,'tdcir1567329461',4,0,0,0.00,0.00,1.00,7190.00,'','',0,0,'1,1,1,1,1,1,1',1567329461,2,NULL,1,0,0.00,7.19,0,1000,0,2,0),
(10,'ndbfm1567329715',4,0,0,0.00,0.00,1.00,718.00,'','',0,0,'1,1,1,1,1,1,1',1567329715,2,NULL,1,0,0.00,7.18,0,100,0,2,0),
(11,'bjfpk1567330096',4,0,0,0.00,0.00,1.00,7190.00,'','',0,0,'1,1,1,1,1,1,1',1567330096,2,NULL,1,0,0.00,7.19,0,1000,0,2,0),
(12,'xbbnb1567330211',4,0,0,0.00,0.00,1.00,7180.00,'','',0,0,'1,1,1,1,1,1,1',1567330211,2,NULL,1,0,0.00,7.18,0,1000,0,2,0),
(13,'wzxil1567330621',4,0,0,0.00,0.00,1.00,7180.00,'','',0,0,'1,1,1,1,1,1,1',1567330621,2,NULL,1,0,0.00,7.18,0,1000,0,2,0),
(14,'nhxaz1567330793',4,0,0,0.00,0.00,1.00,7180.00,'','',0,0,'1,1,1,1,1,1,1',1567330793,2,NULL,1,0,0.00,7.18,0,1000,0,2,0),
(15,'ltjar1567331397',4,0,0,0.00,0.00,1.00,7180.00,'','',0,0,'1,1,1,1,1,1,1',1567331397,2,NULL,1,0,0.00,7.18,0,1000,0,2,0),
(16,'xlkfr1567331948',4,0,0,0.00,0.00,1.00,7180.00,'','',0,0,'1,1,1,1,1,1,1',1567331948,2,NULL,1,0,0.00,7.18,0,1000,0,2,0),
(17,'ftlti1567332350',4,0,0,0.00,0.00,1.00,7180.00,'','',0,0,'1,1,1,1,1,1,1',1567332350,2,NULL,1,0,0.00,7.18,0,1000,0,2,0),
(18,'xgbhe1567333453',4,0,0,0.00,0.00,1.00,7180.00,'','',0,0,'1,1,1,1,1,1,1',1567333453,2,NULL,1,0,0.00,7.18,0,1000,0,2,0),
(19,'hqhzh1567335089',4,0,0,0.00,0.00,1.00,10008.48,'','',0,0,'1,1,1,1,1,1,1',1567335089,2,NULL,1,0,0.00,7.19,0,1392,0,2,0),
(20,'afhkb1567337552',4,0,0,0.00,0.00,1.00,7180.00,'','',0,0,'1,1,1,1,1,1,1',1567337552,2,NULL,1,0,0.00,7.18,0,1000,2,0,0),
(21,'dgkam1567337881',4,0,0,0.00,0.00,1.00,7180.00,'','',0,0,'1,1,1,1,1,1,1',1567337881,2,NULL,1,0,0.00,7.18,0,1000,2,0,0),
(22,'kqinv1567338103',4,0,0,0.00,0.00,1.00,7180.00,'','',0,0,'1,1,1,1,1,1,1',1567338103,2,NULL,1,0,0.00,7.18,0,1000,2,0,0),
(23,'jktvg1567338422',4,0,0,0.00,0.00,1.00,7180.00,'','',0,0,'1,1,1,1,1,1,1',1567338422,2,NULL,1,0,0.00,7.18,0,1000,2,0,0),
(24,'uberd1567338802',4,0,0,0.00,0.00,1.00,7180.00,'','',0,0,'1,1,1,1,1,1,1',1567338802,2,NULL,1,0,0.00,7.18,0,1000,2,0,0),
(25,'jigrj1567339051',4,0,0,0.00,0.00,1.00,7180.00,'','',0,0,'1,1,1,1,1,1,1',1567339051,2,NULL,1,0,0.00,7.18,0,1000,0,2,0),
(26,'omsvk1567339241',4,0,0,0.00,0.00,1.00,7180.00,'','',0,0,'1,1,1,1,1,1,1',1567339241,2,NULL,1,0,0.00,7.18,0,1000,2,0,0),
(27,'anczj1567339678',4,0,0,0.00,0.00,1.00,7180.00,'','',0,0,'1,1,1,1,1,1,1',1567339678,2,NULL,1,0,0.00,7.18,0,1000,2,0,0),
(28,'qfnmj1567339858',4,0,0,0.00,0.00,1.00,7190.00,'','',0,0,'1,1,1,1,1,1,1',1567339858,2,NULL,1,0,0.00,7.19,0,1000,2,0,0),
(29,'oaujt1567340073',4,0,0,0.00,0.00,1.00,7190.00,'','',0,0,'1,1,1,1,1,1,1',1567340073,2,NULL,1,0,0.00,7.19,0,1000,2,0,0),
(30,'pvmhp1567340238',4,0,0,0.00,0.00,1.00,7180.00,'','',0,0,'1,1,1,1,1,1,1',1567340238,2,NULL,1,0,0.00,7.18,0,1000,2,0,0),
(31,'szbew1567341769',4,0,0,0.00,0.00,1.00,71800.00,'','',0,0,'1,1,1,1,1,1,1',1567341769,2,NULL,1,0,0.00,7.18,0,10000,2,0,0),
(32,'eizca1567341993',4,0,0,0.00,0.00,1.00,7180.00,'','',0,0,'1,1,1,1,1,1,1',1567341993,2,NULL,1,0,0.00,7.18,0,1000,2,0,0),
(33,'ossoe1567349786',4,0,0,0.00,0.00,1.00,7180.00,'','',0,0,'1,1,1,1,1,1,1',1567349786,2,NULL,1,0,0.00,7.18,0,1000,0,2,0),
(34,'tions1567350129',4,0,0,0.00,0.00,1.00,1438.00,'','',0,0,'1,1,1,1,1,1,1',1567350129,2,NULL,1,0,0.00,7.19,0,200,0,2,0),
(35,'tuvqg1567419651',4,0,0,0.00,0.00,1.00,719.00,'2','',0,0,'1,1,1,1,1,1,1',1567419651,2,NULL,1,0,0.00,7.19,0,100,2,2,0),
(36,'zyvco1567420813',4,0,0,0.00,0.00,1.00,7190.00,'2','',0,0,'1,1,1,1,1,1,1',1567420813,2,NULL,1,0,0.00,7.19,0,1000,2,2,0),
(37,'myzna1567420904',2,0,0,0.00,0.00,1.00,7190.00,'','',0,0,'1,1,1,1,1,1,1',1567420904,2,NULL,1,0,0.00,7.19,0,1000,0,1,0),
(38,'ppdpc1567421230',2,0,0,0.00,0.00,1.00,7190.00,'','',0,0,'1,1,1,1,1,1,1',1567421230,2,NULL,1,0,0.00,7.19,0,1000,0,1,0),
(39,'mhbon1567421389',2,0,0,0.00,0.00,1.00,7190.00,'','',0,0,'1,1,1,1,1,1,1',1567421389,2,NULL,1,0,0.00,7.19,0,1000,0,1,0),
(40,'qdofd1567434738',4,0,0,0.00,0.00,1.00,7180.00,'','',0,0,'1,1,1,1,1,1,1',1567434738,2,NULL,1,0,0.00,7.18,0,1000,2,0,0),
(41,'xavmy1568354864',4,0,0,0.00,0.00,1.00,7010.00,'','',0,0,'1,1,1,1,1,1,1',1568354864,2,NULL,1,0,0.00,7.01,0,1000,2,0,0),
(42,'kxfbr1568355707',4,0,0,0.00,0.00,1.00,7010.00,'','',0,0,'1,1,1,1,1,1,1',1568355707,2,NULL,1,0,0.00,7.01,0,1000,2,2,0),
(43,'husse1568355884',4,0,0,0.00,0.00,1.00,7010.00,'','',0,0,'1,1,1,1,1,1,1',1568355884,2,NULL,1,0,0.00,7.01,0,1000,2,0,0),
(44,'nzuzu1568356017',4,0,0,0.00,0.00,1.00,7010.00,'','',0,0,'1,1,1,1,1,1,1',1568356017,2,NULL,1,0,0.00,7.01,0,1000,0,2,0),
(45,'saioa1568356214',4,0,0,0.00,0.00,1.00,7010.00,'','',0,0,'1,1,1,1,1,1,1',1568356214,2,NULL,1,0,0.00,7.01,0,1000,2,0,0),
(46,'jpkft1568890188',6,0,0,0.00,0.00,0.10,7.09,'','',0,0,'1,1,1,1,1,1,1',1568890188,2,NULL,1,0,0.00,7.09,0,1,4,0,0),
(47,'ufkhn1568890690',6,0,0,0.00,0.00,0.10,7.08,'','',0,0,'1,1,1,1,1,1,1',1568890690,2,NULL,1,0,0.00,7.08,0,1,4,0,0),
(48,'zmrtu1568890987',6,0,0,0.00,0.00,0.10,7.09,'','',0,0,'1,1,1,1,1,1,1',1568890987,2,NULL,1,0,0.00,7.09,0,1,4,0,0),
(49,'nccnm1568964182',9,0,0,0.00,0.00,1.00,705.00,'','',0,0,'1,1,1,1,1,1,1',1568964182,1,NULL,1,0,0.00,7.04,0,100,6,0,0),
(50,'jhniq1568966803',9,0,0,0.00,0.00,1.00,705.00,'','',0,0,'1,1,1,1,1,1,1',1568966803,1,NULL,1,0,0.00,7.05,0,100,6,0,0);

/*Table structure for table `think_address` */

DROP TABLE IF EXISTS `think_address`;

CREATE TABLE `think_address` (
  `id` int(10) NOT NULL AUTO_INCREMENT,
  `uid` int(10) DEFAULT NULL COMMENT '用户ID',
  `address` varchar(255) DEFAULT NULL COMMENT '地址',
  `status` tinyint(1) DEFAULT '0' COMMENT '状态:0未分配1已分配',
  `addtime` varchar(60) DEFAULT NULL COMMENT '添加时间',
  `note` varchar(255) DEFAULT NULL COMMENT '备注',
  `type` varchar(10) DEFAULT NULL COMMENT '钱包类型,btc和eth',
  `password` varchar(255) DEFAULT NULL COMMENT 'ETH钱包地址密码',
  `privatekey` varchar(255) DEFAULT NULL COMMENT '私钥',
  PRIMARY KEY (`id`)
) ENGINE=InnoDB AUTO_INCREMENT=194 DEFAULT CHARSET=utf8;

/*Data for the table `think_address` */

insert  into `think_address`(`id`,`uid`,`address`,`status`,`addtime`,`note`,`type`,`password`,`privatekey`) values 
(1,4,'0x6d8ffc3c999de02900a7e13a58ee5472b0029a59',1,'1567311649',NULL,'eth',NULL,'b27042bfe4a8e617388c0a259f275d0415acd8d0f904f352de1078fc0aec5f1d'),
(2,5,'0x0f491c4675a84d7c40e538b1737568ae48d40f21',1,'1567311651',NULL,'eth',NULL,'17523262c573f3eb2285a9ea302665cd7db72460ff043b670421b214409cb6fa'),
(3,6,'0xd8865a9f321e8241629afca7e447d89b1937f11b',1,'1567311651',NULL,'eth',NULL,'5ecb0dc4657947daf6af0a0d13dd4516ec8d94356fba19f9a0f023d2dbf485a6'),
(4,10,'0x315d9ad61efb1a438ecfa06247f710fcb980567b',1,'1567311652',NULL,'eth',NULL,'7b6ff5d9872e2029d7f7766beb89a20c89ff459c40d1dcbab4dde0dfcc627f1e'),
(5,9,'0xe996036921340f77df97e15f0a4b628e6139362d',1,'1567311653',NULL,'eth',NULL,'b7eb779515022b6b7fab4df3cfe4e089976cefc2770280343c86c340b58f5c7f'),
(6,NULL,'0x032280dd29514a79fe9144220d1330e414a2f8ab',0,'1567311654',NULL,'eth',NULL,'d6b7ac271d9e138940af38f12d5025e539f05f3c01a66050a42acf117b27c4ae'),
(7,NULL,'0x989bc6f55132b51e6d751d65fbba79007f37b23a',0,'1567311654',NULL,'eth',NULL,'5397603926eef49b1e48dfc6884d106322bb8a8dbdc5d168628c5dd4e42c2802'),
(8,NULL,'0xe415a6c98b310a86718d276dbfeb6861ce688c7a',0,'1567311656',NULL,'eth',NULL,'3630a74f66be4703121914c23a769739e359e932a1ad1ada494ff1f2c57c4f52'),
(9,NULL,'0xac3ac01d810a3f4349f6c59a8e51be72bc6eb4d4',0,'1567311656',NULL,'eth',NULL,'b6b49074e7f2e0120d3ee215289d0065c4ccfb247625d7366d2aede1d1e51f36'),
(10,NULL,'0xc2ace25cee8954599b1db87924b130febf8b2392',0,'1567311657',NULL,'eth',NULL,'c07f0b1439f5d10a849f310a135a65c60f26770bb5409f1e2149ff8b6a677c82'),
(11,NULL,'0xe31e2b2bd7826705e7d419c7f6e54086ed3a4f54',0,'1567311658',NULL,'eth',NULL,'fe771d36d309488310a81d6eb851c9a189b8d679459c546db6c00415a185dd0b'),
(12,NULL,'0xbe376acb37d1b0371d43545deb9e3f06adfa6ab2',0,'1567311658',NULL,'eth',NULL,'0ceb381fff4493b033c04e7d612a288270e157c0c75beb0b6f8ad7162c331751'),
(13,NULL,'0x1a8c365be3f8e71100e44883dbd09d191160fd39',0,'1567311659',NULL,'eth',NULL,'b64b2507518577f040cecdfe681a0694e62c3a4067fa0195d51a4b81a686557f'),
(14,NULL,'0xd5e0a9b34c5d9fe93c88af4ee29baf77503517b0',0,'1567311660',NULL,'eth',NULL,'287f5fba5dd5e62b801522b2ae8b445e62cc689b968974e95c3d3e9b93cf7eb2'),
(15,NULL,'0xcfea74ba109b1c303a3c8a8926e6af0b738d0c45',0,'1567311661',NULL,'eth',NULL,'6c8c99164befcebee0bab72a5b43e7daed177a2bd378690207c20babf65491e1'),
(16,NULL,'0x6f641e0e91f963f91cca0f2e7d01e7a5a76f4527',0,'1567311662',NULL,'eth',NULL,'88446d31e44e2ce2f83fcd6999d4bc7dfdcdd52778c3a49f00fda9eb3d56f2e8'),
(17,NULL,'0xd6c57b1795cd16495a81e0ca99c0e8c4523c62a8',0,'1567311663',NULL,'eth',NULL,'7177f97482d40f267ad9cb67769d305a9c847c672dbd7c54b33e81b0498bee8a'),
(18,NULL,'0x764857fa1dc98fad0ab92c4346d1255fc6177941',0,'1567311664',NULL,'eth',NULL,'9c53dfc5ddb95a1bba0d4998dd0f4e0508eb1943e113faa201e0caeef91c662c'),
(19,NULL,'0x40e5e7b94880f2ffaf342308fd450cf2f0fad6d5',0,'1567311665',NULL,'eth',NULL,'2e8845e75b429dc239db3aa8e8c728b15a785f65cf9610d9267fe97a47830ccc'),
(20,NULL,'0xe5e6a492e6aa9b3df728ebc9ad615b500d2423e7',0,'1567311666',NULL,'eth',NULL,'64256b43a67063a6a99493c7398f69634ef957ef5030cbc586714fe3964811eb'),
(21,NULL,'0x24899ed04388bbd57f23a49ec23b1b78c832a058',0,'1567311667',NULL,'eth',NULL,'3f3c9cd76f21929b681387aa7e161334cc64d529a703c9d4c6091feda8494a8c'),
(22,NULL,'0x0935a2f33ec91652af9ed2ca4bc0cef56e2f6382',0,'1567311667',NULL,'eth',NULL,'b6704311d55c35efd69e07db4be55b7125b4c475ef3f130963a861a4e0bc5f1b'),
(23,NULL,'0x3670045f4eedc70682e748ba694a3bd4be23d13f',0,'1567311668',NULL,'eth',NULL,'cd826378b6d6815d8b2a86ef37c458504e44048740d45ad7be1ef8f4b6084a78'),
(24,NULL,'0x4cd63e0d7d88d86a163401f5e349433aedba9184',0,'1567311669',NULL,'eth',NULL,'77a91b7e2a831441798260306600e58d14cf780988c600c6933d8fe14614419a'),
(25,NULL,'0xca60eb582a2367927cfaac4dcb79b4198297c017',0,'1567311670',NULL,'eth',NULL,'ff04f9c0a4c8282e790d3ccf541af037b72616649d6f2222b6048ab652d01979'),
(26,NULL,'0x6fe58072a0d4b786d22377c7baeba783adc8d32e',0,'1567311671',NULL,'eth',NULL,'be3d7142df3974daa701d02c5a042485ff20c29c394a4685f15d2719f1d00911'),
(27,NULL,'0x5c4ea35230eae94d105c5b597bf7ca1a1c843333',0,'1567311672',NULL,'eth',NULL,'72ef6f45adef7035d2317c85a61ae2a8686ece24fe9b3d8d6d1562a278571c34'),
(28,NULL,'0x860da3b0aa7515ec6b97dfeb9c41d7b585536542',0,'1567311673',NULL,'eth',NULL,'ab6fc50779933b6efdccefe793edfc9352a5a9303367baea10b8fa8fc834952e'),
(29,NULL,'0x13254b63c0228c81915c1ddc00f180eec920ab03',0,'1567311674',NULL,'eth',NULL,'eb8b1619cade79c00b053091bd76a4c1043d6c02a44edcb437f7abb44acca5e8'),
(30,NULL,'0xad2f9b333a69a6ce2fbc0c4f6e3d48a9cd093297',0,'1567311676',NULL,'eth',NULL,'0d0d4a2a0e5fcba36dc6be4c5902b0a2bbdee2d125d66de5a79f4a8caf5b27be'),
(31,NULL,'0xf35c1af288b0ecc17c671448b4bf4f0ad08a0c55',0,'1568818373',NULL,'eth',NULL,'764f9fdefaa10b70cde60ac22837ca1bebad1283b3de651a23221b6f199639b4'),
(32,NULL,'0x82ebac1baf2bf653f9ddcc992556299cce3ec668',0,'1568818373',NULL,'eth',NULL,'c36fd9dcc8f18f2351bbbeb3c164fb6e4fd074d57e749f6936ed94bebfda4824'),
(33,NULL,'0x613f45900a51f6098370bfb75c4fdc3d7874a7ae',0,'1568818374',NULL,'eth',NULL,'5d0b4462b23668d7ebabfd9c24fc4acd1d93086977a2019fdaa1be52adad03ad'),
(34,NULL,'0xdf2a49443f92bd1f652c0ad0a1bbc46fdb5a6a4c',0,'1568818374',NULL,'eth',NULL,'4df7934229eeb8dc23550d2034d1ab77f797d1de5d327e7550c189453f8b4335'),
(35,NULL,'0x6897392a3b2de0da34b59f8e43b1c76f07a48967',0,'1568818374',NULL,'eth',NULL,'61014ba7cf3b6f5e84aec16c26affdb36f1a46ac04e6096bcd0e93255631a37b'),
(36,NULL,'0x4933b450ff44c082eed50b6224c423cf3ae239cf',0,'1568818374',NULL,'eth',NULL,'e3c29393f78edc09a58ec2e9408da90323d1c8484c01d076c49cf3d064b26ebc'),
(37,NULL,'0xa4dd60f023c339d3d3f2d5168360468241c9b8d6',0,'1568818374',NULL,'eth',NULL,'2e0e8c3ee0afb213d82b6e3f7c60b083fdda7cea35c416b57cdf246074d0a665'),
(38,NULL,'0x120a71871ee3ddca9d93762b4d090777321ae25a',0,'1568818375',NULL,'eth',NULL,'dbbd68a2d1793be12f0ae75075336202ffedc665111639551aec7f676bf56a4d'),
(39,NULL,'0xa5ac450c5072bd3ec4a8fd35f650782bf6116f16',0,'1568818375',NULL,'eth',NULL,'33188803814a33e7bf29527a94f203bc901d4214d8678569c2db36c9309f46a3'),
(40,NULL,'0x54a8650ef0b1394a8f04177282c66f0762ac34fe',0,'1568818375',NULL,'eth',NULL,'cf210d4c08c329b69078da93ab2bd1e6771f3ef08fdd4625dc11739e8918ef67'),
(41,NULL,'0xa4783c556b263d2e9a51835029c13e968a86fa0a',0,'1568940894',NULL,'eth',NULL,'7b8095045a117163231a28e50ae6f87e40e107f31064e6d3ec6a51fa812c2646'),
(42,NULL,'0x4783b86c58331d03e2e360d8f005779e87c0a6ca',0,'1568940895',NULL,'eth',NULL,'d01de54b579b33ed25e12caf67e3a7469309cf89e4bdb456ec08f1fa25371779'),
(43,NULL,'0x27616bf67ef3f7baf0496e504e53ec9e1ca9c975',0,'1568940895',NULL,'eth',NULL,'a12518c2a7e50524776d53b606fa70e6b9125e2fb88d8587365e35949e6a8941'),
(44,NULL,'0xc7a5f8614e7ccfd3b73b68c570a293e05dd02101',0,'1568940895',NULL,'eth',NULL,'dae7798e2d14bf041a2ebc85e7b80d19ffe2db25f60bf951e0681e5396e58cad'),
(45,NULL,'0x9e2ca73728dadfb8819f9a665678a3cf0f4fc9f2',0,'1568940895',NULL,'eth',NULL,'1bf6c340d3a0cd57ac85ed212d8e2394d1e76bee522f60875b38ae11dc9b18c4'),
(46,NULL,'0xaaf8a86c36c5f322f0e55ea23a11220deb3785aa',0,'1568940896',NULL,'eth',NULL,'4f274241c7166ff49d596d9985f36c10eda626ff80fb375544227e9b960e46a3'),
(47,NULL,'0x0be3f21fb059033ac2a837f26337b2d18621d8ca',0,'1568940896',NULL,'eth',NULL,'8fda795cba33353ea7e5470de06c57f2a3b73878561ef47e6fb1cbffd1fc86b7'),
(48,NULL,'0x537c3d0e455867974859b58d6bcd45a7bbc8a7d1',0,'1568940896',NULL,'eth',NULL,'fe61f9f7b3eec7a08ecaa5809e6ec020b7c7931ee2233294e85f98de4020f5c3'),
(49,NULL,'0x450c34974542caf2b0c7e36d119504fef203df59',0,'1568940896',NULL,'eth',NULL,'b6536c90d95b3d440caf825a228133be76e0773c81c35430fd0e5cde6c9e8354'),
(50,NULL,'0xefe951989778ffcce858327dcbc99c295497c601',0,'1568940897',NULL,'eth',NULL,'cca7820b98e3fafc90daa293cf980ba990aceda94edb8ffebd3d6a92f86034fa'),
(51,NULL,'0xabe80072cd8bfbd7b2ca18258750f199bb473fe8',0,'1568940897',NULL,'eth',NULL,'dee9bcf057bc72b6e3cf5d3d841caeae14de51fccbbd37ba301876d972ccdd18'),
(52,NULL,'0x28f84f754f6e160bdf464f7a17bbe4bfaec70a0b',0,'1568940897',NULL,'eth',NULL,'f662988058d1d904d30941d56c7706aef04b1e4ad8109f79578081e68a459194'),
(53,NULL,'0xf78f43c0caef2bb6d80c6a2f2df0ae10b87067a8',0,'1568940897',NULL,'eth',NULL,'d869a9a54827a158df1d550b74942d6c061eb274e68803df3384aebafac6641a'),
(54,NULL,'0xeeb8a57b49154048e0b82469101cd958c2b386fe',0,'1568940898',NULL,'eth',NULL,'4ed6dfb76867b04bd2a1587a328751e184db888998d1f7491f6563717030d759'),
(55,NULL,'0x7cbffe6a1a4792f3998fa1b76f4265c5ff9e5b8c',0,'1568940898',NULL,'eth',NULL,'b4621519dba351f3ea3a3b889015ec3b3de151d5b4d18d784d7bc74a01eabb1d'),
(56,NULL,'0x88726c63193349a6baf97fdac55f6c001403628b',0,'1568940898',NULL,'eth',NULL,'49772d4c891b4387e0f3b21f980b2ae72a4826aaecad466af9c6802e412de766'),
(57,NULL,'0xf8bfa4fca670f229156b9c54ea227ea0b4e33153',0,'1568940898',NULL,'eth',NULL,'daccb0b590edb7335b1061e204ac0f6011363b58783fe21b4b7a9f9a7e790048'),
(58,NULL,'0x6b9407f9df256e4f22ada92764d73f19fe92b014',0,'1568940899',NULL,'eth',NULL,'a4be676579676b082eda249edb2c90225fc00c24153fc19e3ea3316eef091ce2'),
(59,NULL,'0xf2edbbb8d8c02b0d6d261584c21594f6f4759f1e',0,'1568940899',NULL,'eth',NULL,'655255569b6edb46efdb7a1e29e647fd013d66b602b013520a10e8c1cf90b707'),
(60,NULL,'0xb5241ef48577fd376be9d8bbd1cdd43087856f5f',0,'1568940899',NULL,'eth',NULL,'96a87335dbc7991e7c37eb34b6deba8e1ff2a7f7e5962e178e210cdbef0d655c'),
(61,NULL,'0x640f5bb7a6fc2a6650c9b88003bd725a60d573b8',0,'1568940899',NULL,'eth',NULL,'a3f5b699fd1a91ef1b7889792f05d75effccbf8469e6a85f17307421d3114397'),
(62,NULL,'0xa7cb647280b4ab9440939e49d08749daab040ccc',0,'1568940900',NULL,'eth',NULL,'6b7bacf40ca21459c04d0e2479833a1700de8b3cd174f38fc1f0a2ab48e93919'),
(63,NULL,'0x2a9f2ac1ca6f000c7adacb6c4eec2679d4d36223',0,'1568940900',NULL,'eth',NULL,'f13bc46bc0b0a5b4193a01cd1e61cbe2aa099a43254117b935ed89d2f94d21b3'),
(64,NULL,'0x822b42a6fcf5992ab71d3a732c596282f29bde87',0,'1568940900',NULL,'eth',NULL,'09e40e5805740843cc0905cfd29cbd89987f399b56c682e386193e594929aecc'),
(65,NULL,'0xc40c799dd6b6f0eb5329007a06cd960da2c7fe3c',0,'1568940901',NULL,'eth',NULL,'b446ef65e24ecf7c7ad68dd25d413420aaa4344943b24c94d82a81be843ff405'),
(66,NULL,'0x1d3952dbb3bba58646be49c80341195c642f92e4',0,'1568940901',NULL,'eth',NULL,'f5093fef82f2bd4b9d47f0ae328705166dc659083c1966ae587f679653a27720'),
(67,NULL,'0xbe6fd0e96ad422c42ee5573f95e3f80e54bede49',0,'1568940901',NULL,'eth',NULL,'9e6cc80b4fe87ca532623706b168195621771e13d62e8ac4b649d961acb6da3c'),
(68,NULL,'0x8a4843570083f199a45f0701c7062cb0568a2342',0,'1568940901',NULL,'eth',NULL,'1c650d6cfdfb714781f451f84c4f8cde9251d57ada81836a29edd02c2956f848'),
(69,NULL,'0x6965978aecc8e2d0aceecb5ef98fc8e594aacecf',0,'1568940902',NULL,'eth',NULL,'98431fdf8fb339bf060832cc615eb0f16c6b1628debd9b51ed2f31f304f5f09b'),
(70,NULL,'0x1e23140c7f3db7730342a2148c85aae78c0835d6',0,'1568940902',NULL,'eth',NULL,'b33f95d23cf1de3e77f8b5c813314014cec4e1913c189dd0ea0808167dd854b1'),
(71,NULL,'0xe78c6d6ef88e78301aa0ac302884425247996ed7',0,'1568940903',NULL,'eth',NULL,'1f2e80266560ba52c1419c6bcacaa8ca063201eaac70e22fd2eff4a54003f501'),
(72,NULL,'0x8372a1eb186876edf7ddec7478979a8d52991f30',0,'1568940903',NULL,'eth',NULL,'a1e10c08d6e64e96b4be31a4d252e3e5a227b46206469b4282d7cff4492ed88c'),
(73,NULL,'0x977cfee3c781e79b19e7b3af1009a6c713ab321a',0,'1568940903',NULL,'eth',NULL,'09cd95ea4d48a11e788d539b25d5cde2ee85d0df744bbeb5c0d342f1e339cf87'),
(74,NULL,'0x57144ce6981ef3d74438f33688dd71440fce519b',0,'1568940904',NULL,'eth',NULL,'4a320b0bbc3966b20020982afad3e5575aeb8297e96a1de90329ea6ff4cbff30'),
(75,NULL,'0xc3d64c7c026fc8a71f251f4f111b6fca1db03df0',0,'1568940904',NULL,'eth',NULL,'1bacabefaff8428c55cf43324940a8ce93768a0edf04115d013105dec879ea12'),
(76,NULL,'0x64fb04e6c71c51c6d6ffe3dab2435f864b11b9ff',0,'1568940905',NULL,'eth',NULL,'3e5fcc70f33adaec377d3f284eed957c3b43deb4c92b20d62d682ef0e22c03db'),
(77,NULL,'0xa5890340fb834dc59a34a5233abc5f91070a0589',0,'1568940905',NULL,'eth',NULL,'2c2128f10049f1812894ad53e2971ff3585e28ad4dd29acd79cd3020073234a7'),
(78,NULL,'0x72a85d008a290a125a351d7fca230302eb6e5643',0,'1568940906',NULL,'eth',NULL,'d862bfb4389d4fbd9b46633bbc799377078620b21cfa96afbd189351fbb7bc2c'),
(79,NULL,'0xf80d697b121169bae8eaa012e1d55411095c23d2',0,'1568940906',NULL,'eth',NULL,'6a1b667101819646bdd693f79e5eac62210fa03b0e002ff33a4f0502a8e0259d'),
(80,NULL,'0x23be72afeffd94b0d400ac0a6e834ac30bb430b4',0,'1568940906',NULL,'eth',NULL,'d5e8980c6e3c4f711e879b6a14dd2635447883cf9c198bc015f89eecd6082b2a'),
(81,NULL,'0xc2ebe770fb980724c5032d97f8fc3caeacd287dd',0,'1568940907',NULL,'eth',NULL,'7af3734f27cc4fe9e3cfdee6057e024ebffe6e798c5ab557c86eab00d0c389f4'),
(82,NULL,'0x8faa27fd58a72c7a0f3c2ecd1394e2716b27ddff',0,'1568940907',NULL,'eth',NULL,'c5dc5010dcf65816dfae58a53aee08473d5d7bd0307de88322ac761323530f55'),
(83,NULL,'0xcbe5dc8f0ce3c0a1841e1a8817a28362840eb34f',0,'1568940908',NULL,'eth',NULL,'d9e042801b3cf634e666e7b190f680881bebcd46b015206bd74e065b9254cc3a'),
(84,NULL,'0xf8cee5db26ca2914e2eb901983c6b1b5d9f54a82',0,'1568940908',NULL,'eth',NULL,'70eedc308b8fc493fda7bc3a9edd4ff22524a1e26c220abdb5d206893387e8ad'),
(85,NULL,'0xd86ab3d29bc0ead437ab045186109d40c675daae',0,'1568940908',NULL,'eth',NULL,'427ebb2bd67efab388e68914152824f83e2463a716e7b39dafa921c37da71f1e'),
(86,NULL,'0x901f7269f11effd16db9d8d6908e464ce2770d8f',0,'1568940908',NULL,'eth',NULL,'1b05e7189112ac181fd737b25aee79e4ae6da144e12a3767c968b07e13b1dda1'),
(87,NULL,'0x2687426eca124059f4616f1d6c5c25fc1844d943',0,'1568940909',NULL,'eth',NULL,'5d58ee5f2fba5d6448cbfa941c9c649b5c9e01a3f11a0498e751761de6c5a3ec'),
(88,NULL,'0x228763835fee08b164aac47d66b56aa38256d260',0,'1568940909',NULL,'eth',NULL,'da363d3439c2dd18aaec9241f3508309f024ab5554ccdb678613d892f0064e87'),
(89,NULL,'0x0563de429d296bfe12a7b4567955fff993242f56',0,'1568940909',NULL,'eth',NULL,'d643cd6aa4dec4e45a8a76a88eb8553605d213c24b0b4ab91fd102d0c2a3911c'),
(90,NULL,'0xace2afcfacada73a09453f64fe3e1ebb516f28c5',0,'1568940910',NULL,'eth',NULL,'503a83b3dc16d08511d8abcceb1808be02a3bf5871a32d463c8d5f806cfe1e70'),
(91,NULL,'0x8ef727c01791eb187540eceaa023bd5cd0373b5b',0,'1568940910',NULL,'eth',NULL,'d0bef2493966a05f1628c69f1c6c7c6a342a200cb1ad845781ecdbcec3aa6f46'),
(92,NULL,'0x583695abf1791b0aafd491b2c375642d0dfabeab',0,'1568940911',NULL,'eth',NULL,'2b7e39b1eee52da2c9ec526c11ef949c683ff727c3087961a0e9500968d40726'),
(93,NULL,'0xb8331a447bf75df7c049946f10984894a1027d6c',0,'1568940911',NULL,'eth',NULL,'03edbea6c4e7a19e14220801fe4c5d30ca15996b052bc4905fd51ecc79f863de'),
(94,NULL,'0x791d22dc73dfd103026d246f206bb710858710db',0,'1568940912',NULL,'eth',NULL,'8ab52e155c899eace3ad3fb0e826926a0c99254ba78f662f6364b46a7e31a310'),
(95,NULL,'0x9c7924f7a0b98c229c2332438820c28691ee7607',0,'1568940912',NULL,'eth',NULL,'ca9f4a989fdcecdc63534e9c12b390664b1e4a3c8b542c5a5201fc80c4101341'),
(96,NULL,'0xc5211756be2651567bfb35befee50741bee5e7ff',0,'1568940912',NULL,'eth',NULL,'6b74c42de5e5946616d2228467cbb0544291b49ca7f9c88865cc93793f6ef9dd'),
(97,NULL,'0x401f248f3c2a1981132d742edb7674f9a067bf02',0,'1568940913',NULL,'eth',NULL,'d754dd70bac53090fb28ae99e1980d6e07176637b8439d1ee498c24a002ae957'),
(98,NULL,'0xcd40484b452612298cf0aeac3fac9667c7b72346',0,'1568940913',NULL,'eth',NULL,'aff61a8728d2500854ab4bd0fe885595d29eb370354bd1625748848cb7c46057'),
(99,NULL,'0xc236e6e7b24a067c543af30a9d2df4a4481352db',0,'1568940913',NULL,'eth',NULL,'d7686ce1dee24eaacfca3831aafaa33752498452c98d13ee7bcdc67e79495564'),
(100,NULL,'0x43814534049f80980be8fc3490a02ac268429a93',0,'1568940914',NULL,'eth',NULL,'8394b7d81a62cb38338622785316212ad1bd9585bd1279bb38116a830ffa0e83'),
(101,NULL,'0x02d561b6f4be65ccff696c881e6c3054a3f513ad',0,'1568940914',NULL,'eth',NULL,'b2416f85561a93644ef74115af679388fc848ddd9e7b8de40ef3039eaaff082a'),
(102,NULL,'0xfe3c1fc76d1f0b990f064e627b7424999aa4259a',0,'1568940914',NULL,'eth',NULL,'4fe83c51f436547af653c6dcc0ca4917cd05bd3f12902dd95078da36f0c6893b'),
(103,NULL,'0x1bee105812f37d2370e0f18de8bbb24cae1cf465',0,'1568940914',NULL,'eth',NULL,'f02b51f73e08257d2ff44fe735e440d18dddc419f8d35dda840c816b31c08ad3'),
(104,NULL,'0x481c96d23b9a1160310dc486595980d287fd3d1a',0,'1568940915',NULL,'eth',NULL,'0c843e54a0a6ac673372cbdff98ae7a5b7b16db87fbf96014f685dfcedbfa333'),
(105,NULL,'0x2c77ee2ad234efee2cb7e685a303a3144d2eab86',0,'1568940915',NULL,'eth',NULL,'65c26f7849973f7babb407c0781c1706ee100afb4206d7a2cd45c68cb14cb3a7'),
(106,NULL,'0xf3c38087d94bb6847f256b1665cb2043549457df',0,'1568940915',NULL,'eth',NULL,'5f85dac40cb3ed41fbc1372f1c7443c834bd8f5b9c61f8eae40c4b1aaf8aa539'),
(107,NULL,'0x5606d0386a5fe954604f099db563aab4b220019a',0,'1568940915',NULL,'eth',NULL,'80137c1f67e52c5619c0b092a6a5fa0e6b7a803fefed5e82cf62079ad2d52de3'),
(108,NULL,'0x6eb1904f8708678115c6e43207353dfc8288c6ba',0,'1568940916',NULL,'eth',NULL,'36d1cccda4fecba121e9c3b77bd33a0aee98cd3e23b36f6290a946768ecf8e4d'),
(109,NULL,'0x8da55b12653028486ff083014b607b6878f8b7fa',0,'1568940916',NULL,'eth',NULL,'2af0b4c1278992f9a78b5709c77f69fd7d659ac9bc62774e5d96c7f1d4fce145'),
(110,NULL,'0x49d21a5a2ccaba6329c038f34e25826489579226',0,'1568940916',NULL,'eth',NULL,'d07818e8dbfb2d97e556f8d6b710b3f18f62fef00432ed9da35eb51f3d3fb658'),
(111,NULL,'0x43ec4aa67ac375f6caacd0cd4a6c998c45f9fcb7',0,'1568940916',NULL,'eth',NULL,'a414ecd9efa339e611f95e6c376a59e63e7ec76178919565c8053cc3658af756'),
(112,NULL,'0x7e4d7716f5544d3f67aabf6cd748cdfa509f1a84',0,'1568940917',NULL,'eth',NULL,'867bfdf4b04e565eaa96d0486ad75263aad3591635ea4803d2ce2752abf8803a'),
(113,NULL,'0x30595115c366e92682b91441ffd09564fbc582ab',0,'1568940917',NULL,'eth',NULL,'bbbba03ce1a4d4f26fe9107ed141ff01ebad353aef8c3c33e1509376cb138ccf'),
(114,NULL,'0x57abe13b1409550bd33775939b662f7d5d8d38a2',0,'1568940917',NULL,'eth',NULL,'a16d38d5ccf8c4d98df78785d7545f45cbe1c5978037049ddf027e2079d31654'),
(115,NULL,'0xe2437a1722465131ebd488d7c0ff7cabe9498f40',0,'1568940917',NULL,'eth',NULL,'4919a8b171aa2b1ebc51473d63a4f5101a3ee1273956e0994b24264c81867f08'),
(116,NULL,'0xd6b4e3cb90ef86866824cd22af26cecbf3db48c7',0,'1568940918',NULL,'eth',NULL,'3e39c5bdcd5859d052a62e531929b7d0e10d5f7adb3a8e72b55aa803a2094798'),
(117,NULL,'0x62531ab625d687a26dcda774d186db4e82682759',0,'1568940918',NULL,'eth',NULL,'5adccb02ae2bbe7a38b5370fd426c6aa4def2272652bb252392d5cbc41ed5e51'),
(118,NULL,'0x702fe600f03dffa208f1f699a7b27c91c1ad47f3',0,'1568940918',NULL,'eth',NULL,'171e2d3d33d053730825ce5e775ae864ebc0d14b9d5ca3c5dff2b6e09daf3ecf'),
(119,NULL,'0xaff307904e2e953a94614fe2ea9ab23203c86d27',0,'1568940918',NULL,'eth',NULL,'b78857533fb325517269f3b694db48a132672e8d8856bbd2b0710ec7cdccdd6a'),
(120,NULL,'0x2c1bed16ad88910158fe896835bd3129fc76b913',0,'1568940919',NULL,'eth',NULL,'db13a586772a7e22ca0c6ff50f367b4ded6b529e403f741c9f07416d864ab37f'),
(121,NULL,'0xe238842c3d0f9f1cc46c6be5ca3e128c01dd9aaa',0,'1568940919',NULL,'eth',NULL,'0054dcb51f3f3c4fb8015e4ae36c5dd9d9991825f5e3f26505bef63dedf7ad13'),
(122,NULL,'0x1bc92ca1d8c046ed892b0d82577cea6cf049748f',0,'1568940919',NULL,'eth',NULL,'54f96af9f603521fd4d0837bca1c8e29e0acc1548e90f824aa60567e2c4eeb4a'),
(123,NULL,'0x86ecd3ddab58d670d88942f49638b1af4b0058d2',0,'1568940919',NULL,'eth',NULL,'033b192f7489b435f028bce2ee392888ce50779ded8207b877a128f75567198e'),
(124,NULL,'0x0b29931643e1c3fcb4e448b37cf6219cce89db33',0,'1568940919',NULL,'eth',NULL,'99e190372f2c4b8231c12f9970581b15d49d2b26d322cb3af81e8b0da42cf488'),
(125,NULL,'0x9edeb614afe0e604fce1a2b778aa4b1c16670fc4',0,'1568940920',NULL,'eth',NULL,'35f249c28eb900e7610c0ebdbe9d339e56eef2d3bc9e785a4d17e1e1e6ec50ee'),
(126,NULL,'0xb5f7dd704c0b49dfcd3bc505cb6d15a8fe5bb9e2',0,'1568940920',NULL,'eth',NULL,'b222a07a00efbde501d0b22965e2f72a781b2f6acdd5fcfd04ffd50cba996612'),
(127,NULL,'0xcc2594c15e0cc959487e5437b3f1b46d051b111f',0,'1568940920',NULL,'eth',NULL,'3106451c6bf66de2d9616484f594bd3494f47c64c9993bfd3d7c7041539a84e3'),
(128,NULL,'0xfce83a23564b126a46ea12fed8014a6291136b7d',0,'1568940920',NULL,'eth',NULL,'ee3f7dc4423d0507d98fa18ac07d82c3cd14e27d7433f44d85750d3d464a7c95'),
(129,NULL,'0x614d4d2a23455f149983cdaa3246fce28f90ff2a',0,'1568940921',NULL,'eth',NULL,'1b9a3e91c78b955bb8fd5eb4fccc6955098bfcc773195c4b6d85b306bc32d4e2'),
(130,NULL,'0x2da8d13dead1185b7cda44f61bd521938d541f0a',0,'1568940921',NULL,'eth',NULL,'e2884dce76010a1ce45b660ecbbd59b09d8b856a2a84ad3c5a27f0a4ce64e7ff'),
(131,NULL,'0xab4910a0d434256a5f0da900aa08330fbd66bb4d',0,'1568940921',NULL,'eth',NULL,'a97ca48c41ca37bee291e079187cd63cd439ea3fb03f12b69d37d045d2952c33'),
(132,NULL,'0x3fd909468eb54f477177e0641e31c2db281e4bb9',0,'1568940921',NULL,'eth',NULL,'96aa695e79c16a7b90a714a91f96151a2258ffa84b652151c55d9b752c33f796'),
(133,NULL,'0x17911bf9f87afa12a6d99a6e1a9bb156c2e626d7',0,'1568940922',NULL,'eth',NULL,'94c5fb26501a9125de62ad6f27ee957a39b4edb496f0d13539b4706e8e1e0a0b'),
(134,NULL,'0xce240123dd43474b30ba36e142d870342b074ed5',0,'1568940922',NULL,'eth',NULL,'1d3de9ff04c8bcd2957f55214d7cf9c08ca5ae043524d375acdc0d3aa96425cd'),
(135,NULL,'0x5835068e1fe0a7614020d357b7972b69dc54ea0f',0,'1568940922',NULL,'eth',NULL,'ca46449ea00a646f41096539b1e70c65d503d120ce8b04e61a11d233aec952b4'),
(136,NULL,'0x6a1b11b47425749a86aee1402fa40ced5d0e2f89',0,'1568940922',NULL,'eth',NULL,'de5c9fc3b050a79fb8b0e140134e52f1a0d7125ae99a589db512cc2017c0ebd0'),
(137,NULL,'0xd81ae15913cc6cd3927d3fd69762202b7ba4d959',0,'1568940923',NULL,'eth',NULL,'4da1e9fffce564ed5a68031cf9e2e24a50befd22369410f64e8ce31cf437dffc'),
(138,NULL,'0x1e15ea9cc27d26d06c9695528a463159148049c3',0,'1568940923',NULL,'eth',NULL,'0948d06efee20b849c7201608743d9c053975d77894700b702e1e432b1b18a26'),
(139,NULL,'0x146bca3efb545f037765ae5554b398afc8dbe363',0,'1568940923',NULL,'eth',NULL,'4855cdd6275689597e92b5bc25dc5f942c66a0f0d9ce1605be57587f865a7cc3'),
(140,NULL,'0x5272fd7c75384d6ee42943817dd392b64cbb40f6',0,'1568940923',NULL,'eth',NULL,'0501abb35a0bbef6c6bad709a5fba255626cefa2993e80c11a2d0a4ff14b0252'),
(141,NULL,'0x93507499e02d5737a08a18bad17eaa84b54ea12c',0,'1568940924',NULL,'eth',NULL,'7e3a181b9a0a066d30acea024f24fb63b903ec6a44a6b802864e97ae26a72096'),
(142,NULL,'0x864eef98a2652471a61feb446ced86b5c31554fc',0,'1568940924',NULL,'eth',NULL,'8804b8fa4a069fea7a2221286a472dd520c16185aa40fa58ceb3e326b192e86d'),
(143,NULL,'0x9a57fb1598ccb704713ed2a4b23d8e074adabda3',0,'1568940924',NULL,'eth',NULL,'dafefcb748dd8438682503264981a76535009f01933c07b052d20ac127761822'),
(144,NULL,'0x46a5016142e0458aaee6fe0414e9f8146ab4b258',0,'1568940924',NULL,'eth',NULL,'9a3feaa13abfaac1c3bcb7711dd87b384267faa564633f45be9d0462ad87e977'),
(145,NULL,'0xebc9efc0df57d391e24a682606e79161152ea8d8',0,'1568940925',NULL,'eth',NULL,'a258ea8fe9689d333c40c7c6454071a31b99c9d6d32b647f964f3eb732e18ea6'),
(146,NULL,'0x28e17138aac21e979bf628faf07287ad5629a0e7',0,'1568940925',NULL,'eth',NULL,'a6f3ebc100d86fba09a6118b2156feba46a5b21e91accbaf68516fefab34a875'),
(147,NULL,'0xfc9e6a95e769fbc0d735a698411bc42dbb912831',0,'1568940925',NULL,'eth',NULL,'cc1910aca77b32d3658eb818b5a7142837e6b4f4dee01f298b80808281751e0b'),
(148,NULL,'0xd9fd6a25a87cb249db9d0cdf620e0c665f2e1973',0,'1568940925',NULL,'eth',NULL,'a75e64fdb99808b119ce400be804615ba928d6bbdfdb47c3b38daa203f969fa7'),
(149,NULL,'0x64f6767b4a007ab6a024beaab92cb210e20dc9f3',0,'1568940926',NULL,'eth',NULL,'4123b2b3b9cd2acf2308449b091a4c38512ae1d02edca50cedebbd2f90b14bf3'),
(150,NULL,'0x277e5d79064b17a3d600af56930422749cd77d3d',0,'1568940926',NULL,'eth',NULL,'5969047e5ca7ad85eb452d84b2d81f5e41321424eb9833a29ff2831e8ba53c88'),
(151,NULL,'0xce9b1614ede88bd1e7f15dd6ade3f652f70a3c4f',0,'1568940926',NULL,'eth',NULL,'1aa05058aad611a913ada8621f939c61e4c8b247e14e860a5c646d7db033b228'),
(152,NULL,'0x87467b7ccad09bc1d533b74ff2341ce36c3e0b79',0,'1568940926',NULL,'eth',NULL,'f93c856544d46792eb45ee1a9f26b4ab2983de861f3d2e2ae30cae2b7e85811d'),
(153,NULL,'0x7bbf86876f8cd24ce7eb7c3ea282da6e3fde7b4e',0,'1568940927',NULL,'eth',NULL,'6ae3d19c7ec8dcd133f355f1d898c02f4f081ad612d190b5d25a8f71779f3273'),
(154,NULL,'0x01a4e8634dfd903ed5bde027fcab2b58dbeebb44',0,'1568940927',NULL,'eth',NULL,'8ba8ead506fcb0e93677c0589b1dc970b6b678d921136b3f6dbc403152770ad3'),
(155,NULL,'0x9dafd23e2f5d270a785564f911b5c1476451651f',0,'1568940927',NULL,'eth',NULL,'787f447f468a9a35de984f62a57a624c500141247ffbb559d9ea057aca7ba207'),
(156,NULL,'0x9937b77d90ee55eeec5d74da5c3e43892dfda418',0,'1568940927',NULL,'eth',NULL,'e09c3a199b145d0c1cd273cb89ddced57471cf732d1d68b80b1dfbcafdc711f7'),
(157,NULL,'0xde2e3437053279cc2c5e26d89e4e253f2452326f',0,'1568940928',NULL,'eth',NULL,'02202da6736835fc5b95c3c362cfe70edade9ac97e6039db459aba1cbc39fd1b'),
(158,NULL,'0xcd51b19a96fd8278c12a30f23af45a75afc1b63c',0,'1568940928',NULL,'eth',NULL,'18958a5d4002023c1e7b956e3db0e52361c872264e337208ab86ba3b691cf75f'),
(159,NULL,'0x743eed9d099306cd64547a872d6c0f759aafe219',0,'1568940928',NULL,'eth',NULL,'0e7bffcda13eaa2aea8074015a8964b48b38d646859628360564423a4b2842d8'),
(160,NULL,'0x65dee13925f44f71e8951bb9f64e212cf2926787',0,'1568940929',NULL,'eth',NULL,'562a4d08d388701dcac79a1fae1c49e8aa5ee3693c33da6d646303f49021b1cd'),
(161,NULL,'0xba0b180b194df5638dbae2b54605df4c847bc28d',0,'1568940929',NULL,'eth',NULL,'72d49b2e5678c63d93664a211b36b88964504f763fcc7d0c41cb5853019079bf'),
(162,NULL,'0xfed9e413e6af24c9d124414d40d5b3c9570dfe83',0,'1568940929',NULL,'eth',NULL,'ce727385afa389371c5cef6926b456414484bb122391d16e081934e453ffc6a9'),
(163,NULL,'0x951240cab6afddb72a6224fffc5824a56ca1393f',0,'1568940929',NULL,'eth',NULL,'75a19d2007dd2913ff813e7e9b569d0450da8da71449fa971b1e55d8569f452b'),
(164,NULL,'0x023fb221373938b97cefc0f3961e6a2f7e5802c6',0,'1568940930',NULL,'eth',NULL,'37bf19d3c4cfffee1a8e8bf837775634adea6d4647a807bb5682a1f37196f49b'),
(165,NULL,'0x7d369c9dbe779f65708c9f1b8264e950da44bc17',0,'1568940930',NULL,'eth',NULL,'b362002a488643ccb2bd21f5e57963d0243b90765a2e61c676acd748a33cda0a'),
(166,NULL,'0x7b591b3861b0e32de087021f2e373e4fe0797a24',0,'1568940930',NULL,'eth',NULL,'5c3a0b028daf3f37e58c84915d5b41aa9a1869d1e17de936d86779ce9300dc19'),
(167,NULL,'0x504d54c6bf35f1209fb6c9f7b50c888df014a1a4',0,'1568940931',NULL,'eth',NULL,'525b520dc9911c9aab5138a9de24c4f40b08a37c8e9ada54a9e7d317decab0a3'),
(168,NULL,'0x694d57e4d507a7e31f5536a311b238615a1988ec',0,'1568940931',NULL,'eth',NULL,'f01d7f230666adcf686e358f240d620262be3bd981d9b40e9cd7b6e241ac95fa'),
(169,NULL,'0xf514de74692c686b0f989daf652610f6cc109675',0,'1568940931',NULL,'eth',NULL,'47100b692427c7189bbda515d929d10c36942530580261fa9f8b377478719ac4'),
(170,NULL,'0x2beabc2cede2c3b1ff12fc07ad135a46b2b99c23',0,'1568940931',NULL,'eth',NULL,'6a7bb283ff3ef8acd648ee1c2ac34bb9923f9e8f4ffce555d49c72aa1f931d4d'),
(171,NULL,'0x1ac50f7d75055b8d97c2f3f6503efc518398f323',0,'1568940932',NULL,'eth',NULL,'2996ab394bb5373947df41319014ead9dccfbf37c92e4157bcea8f7bf4f195a7'),
(172,NULL,'0x13a3ea003b488a63b532d69d4da44816cbb9635c',0,'1568940932',NULL,'eth',NULL,'1b7479831f576e9e5e0247d9ca1e06cdb5ff70b29964a06b4b82be450bb69cb2'),
(173,NULL,'0xe9b0f1ed9571ce2a83d86d1081bead01a1e0f50e',0,'1568940932',NULL,'eth',NULL,'803d54077948e74c977a60c683dfba72ea681ec36b00c576d5e97238bb0f7916'),
(174,NULL,'0x81774a7fd700fc7399929b329e357e9acaa7bc75',0,'1568940942',NULL,'eth',NULL,'e45d2188c2d1f0d6b0ae5dd14922db4f94c1fa6ab12d2270dabe9a05bf8fda65'),
(175,NULL,'0xd8a1d922ab4b38a797167218f78f7428a48d57e4',0,'1568940942',NULL,'eth',NULL,'c7750a862758ab3fae1ba31f072780e459a6166ec96af94e66cfaf68aac54b1e'),
(176,NULL,'0xdd956899efa4973d11c86d7bd49e7bafa697a547',0,'1568940943',NULL,'eth',NULL,'c63248029545ced75e889d8cc4d6024ab3e921efc7c112e6e5657f7bfd8e0e31'),
(177,NULL,'0x98c25858628e225f171e6836e63cd9bb2fe68661',0,'1568940943',NULL,'eth',NULL,'426962a7cfdab0deb90165b9d9c6bb34f5ef0408c0c9703e48d6643fae6d4d11'),
(178,NULL,'0x479dce7cf9a09330bfe324d6c96dfb8e8d8cefac',0,'1568940943',NULL,'eth',NULL,'071f58fd51e57b68320900fe20eac7fa9334b19c6ff325fa99c684f3fe5fc6a1'),
(179,NULL,'0xc2a874864a14cce15bad1126b7fda7cb5efc757f',0,'1568940943',NULL,'eth',NULL,'26e76ad184f51e332b7a74d3c67d5822fbc75c548813299c30b496c7a4573d22'),
(180,NULL,'0xda1011ffa6b55365599451d1c2dd204caee0c406',0,'1568940944',NULL,'eth',NULL,'d2a291b2f0046cb2ce2d4d5f088d5efcc9d9b50f609b77c7e02b52c938c96397'),
(181,NULL,'0x72d90da5f7b320625e339e3b961b9cd5e4e42e57',0,'1568940944',NULL,'eth',NULL,'815b84259676eae1d49101e84a7c919d817bed4023548babed44bcb2d362ead8'),
(182,NULL,'0xc1397d94579e1b4015da47d612df7d9c5b89cdd5',0,'1568940944',NULL,'eth',NULL,'740be842d0eb2c9a1e3bf068d91e3c58ede8f0a93f89c2d555d13841cb638fd3'),
(183,NULL,'0xf0bb2fdf1d69fee9d119763e2118f0ee2481335f',0,'1568940944',NULL,'eth',NULL,'283642b6eae55031e152a29896be23770e3d374306a7fe44ce050c03d7ac6c7a'),
(184,NULL,'0xc8a803e825a9bf499bcad93e7dcd7bdb1f12206f',0,'1568947677',NULL,'eth',NULL,'0589bccd85ade08174ee3a631b9d8b158bb6e5068eb43a90eccddf734a69ad16'),
(185,NULL,'0xd541fe5d3775768ba8f85892ba1662e9b289ac1e',0,'1568947677',NULL,'eth',NULL,'e037cf3c40bca0e6f63bf0f6c6079edb8d3a11c5b34e89abe358acbffaf7a97a'),
(186,NULL,'0x753822b27851bb0cf7ce0674fa9fb796dfd3af0b',0,'1568947678',NULL,'eth',NULL,'bb59b2892aba984d1417800cca41674c2b0c90b2df15b30afedc4947f4c15252'),
(187,NULL,'0x3068d3c7375d00447304ea7a5e847d22d29d3dcf',0,'1568947678',NULL,'eth',NULL,'7a12274c58fb61720cd0b31a52721ea7f3a41d3d1f4a93da85b719cd725e039c'),
(188,NULL,'0x94937e728a93116e87b196309917d7de5a418a5b',0,'1568947678',NULL,'eth',NULL,'4481b88a7cab656789536caa88fb438333ae08f9b0ef69d5261f060efaff2863'),
(189,NULL,'0x1e422989822a76aec91c87e0b12ed8120cb0bfae',0,'1568947678',NULL,'eth',NULL,'45dbb989c86c0e02401ad55170ff45a4a43c5a2f3fe419c46c9704e9b1d0a81b'),
(190,NULL,'0xe030567257cd93d79759a25659a5166a690690bd',0,'1568947678',NULL,'eth',NULL,'228964ca750b516c091c5906dc7eba2ae84e44f8d2ec82278e895abe68d2ccd6'),
(191,NULL,'0x71251813981d7b93d7def7783141a5ed4117517b',0,'1568947679',NULL,'eth',NULL,'694ff9b23fa30b093ec39668cc58ac8ce03a6c92ce093203d90c1ba55e8e86bb'),
(192,NULL,'0x39e7ce9af49a3bbe68e2032fb38b9eef9aecf115',0,'1568947679',NULL,'eth',NULL,'9bab8b2c13f1d5f97d7282534c2b4c6d7e82c6a5d7cb67b8d316cbdefae79bf1'),
(193,NULL,'0x7015964ad984bded027c31f020621d6a5cba0d57',0,'1568947679',NULL,'eth',NULL,'117098a3772fa174b17394553183d37eb7fbd684d72968257c1d8b0263d5aa30');

/*Table structure for table `think_admin` */

DROP TABLE IF EXISTS `think_admin`;

CREATE TABLE `think_admin` (
  `id` int(11) NOT NULL AUTO_INCREMENT,
  `username` varchar(20) COLLATE utf8_bin DEFAULT '' COMMENT '用户名',
  `password` varchar(32) COLLATE utf8_bin DEFAULT '' COMMENT '密码',
  `portrait` varchar(100) COLLATE utf8_bin DEFAULT NULL COMMENT '头像',
  `loginnum` int(11) DEFAULT '0' COMMENT '登陆次数',
  `last_login_ip` varchar(255) COLLATE utf8_bin DEFAULT '' COMMENT '最后登录IP',
  `last_login_time` int(11) DEFAULT '0' COMMENT '最后登录时间',
  `real_name` varchar(20) COLLATE utf8_bin DEFAULT '' COMMENT '真实姓名',
  `status` int(1) DEFAULT '0' COMMENT '状态',
  `groupid` int(11) DEFAULT '1' COMMENT '用户角色id',
  `token` varchar(32) COLLATE utf8_bin DEFAULT NULL,
  PRIMARY KEY (`id`)
) ENGINE=MyISAM AUTO_INCREMENT=30 DEFAULT CHARSET=utf8 COLLATE=utf8_bin;

/*Data for the table `think_admin` */

insert  into `think_admin`(`id`,`username`,`password`,`portrait`,`loginnum`,`last_login_ip`,`last_login_time`,`real_name`,`status`,`groupid`,`token`) values 
(1,'admin','bcdc0b231056d9acf93c00c58ddab31b','20161122\\admin.jpg',525,'183.31.245.151',1568964236,'admin',1,1,'41a8f96765efb4db193e5932bf353acc'),
(29,'cus1','f3c44112258ecd8847c8378855a5dde7','',2,'127.0.0.1',1567234646,'客服一',1,23,'6fd73eb569c520f42b3478fe5cfbc7c0');

/*Table structure for table `think_agent_reward` */

DROP TABLE IF EXISTS `think_agent_reward`;

CREATE TABLE `think_agent_reward` (
  `id` int(10) unsigned NOT NULL AUTO_INCREMENT,
  `uid` int(11) DEFAULT NULL,
  `duid` int(11) DEFAULT NULL,
  `amount` decimal(20,8) DEFAULT '0.00000000',
  `type` tinyint(4) DEFAULT '0' COMMENT '0:商户提币，1：用户提币，2：用户充值',
  `create_time` int(11) DEFAULT NULL,
  PRIMARY KEY (`id`)
) ENGINE=InnoDB DEFAULT CHARSET=utf8;

/*Data for the table `think_agent_reward` */

/*Table structure for table `think_article` */

DROP TABLE IF EXISTS `think_article`;

CREATE TABLE `think_article` (
  `id` int(11) NOT NULL AUTO_INCREMENT COMMENT '文章逻辑ID',
  `title` varchar(128) NOT NULL COMMENT '文章标题',
  `cate_id` int(11) NOT NULL DEFAULT '1' COMMENT '文章类别',
  `photo` varchar(64) DEFAULT '' COMMENT '文章图片',
  `remark` varchar(256) DEFAULT '' COMMENT '文章描述',
  `keyword` varchar(32) DEFAULT '' COMMENT '文章关键字',
  `content` text NOT NULL COMMENT '文章内容',
  `views` int(11) NOT NULL DEFAULT '1' COMMENT '浏览量',
  `status` tinyint(1) DEFAULT NULL,
  `type` int(1) NOT NULL DEFAULT '1' COMMENT '文章类型',
  `is_tui` int(1) DEFAULT '0' COMMENT '是否推荐',
  `from` varchar(16) NOT NULL DEFAULT '' COMMENT '来源',
  `writer` varchar(64) NOT NULL COMMENT '作者',
  `ip` varchar(16) NOT NULL,
  `create_time` int(11) NOT NULL COMMENT '创建时间',
  `update_time` int(11) DEFAULT NULL COMMENT '更新时间',
  PRIMARY KEY (`id`),
  KEY `a_title` (`title`)
) ENGINE=MyISAM AUTO_INCREMENT=2 DEFAULT CHARSET=utf8 COMMENT='文章表';

/*Data for the table `think_article` */

insert  into `think_article`(`id`,`title`,`cate_id`,`photo`,`remark`,`keyword`,`content`,`views`,`status`,`type`,`is_tui`,`from`,`writer`,`ip`,`create_time`,`update_time`) values 
(1,'测试公告',23,'','123','123','<p>测试公告</p>',1,1,1,1,'','','',1566197983,1566197983);

/*Table structure for table `think_article_cate` */

DROP TABLE IF EXISTS `think_article_cate`;

CREATE TABLE `think_article_cate` (
  `id` smallint(5) unsigned NOT NULL AUTO_INCREMENT,
  `name` varchar(32) DEFAULT NULL COMMENT '分类名称',
  `orderby` varchar(10) DEFAULT '100' COMMENT '排序',
  `create_time` int(11) DEFAULT NULL COMMENT '创建时间',
  `update_time` int(11) DEFAULT NULL COMMENT '更新时间',
  `status` tinyint(1) DEFAULT NULL,
  PRIMARY KEY (`id`)
) ENGINE=MyISAM AUTO_INCREMENT=25 DEFAULT CHARSET=utf8;

/*Data for the table `think_article_cate` */

insert  into `think_article_cate`(`id`,`name`,`orderby`,`create_time`,`update_time`,`status`) values 
(24,'使用教程','2',1556202561,1556202561,1),
(23,'最新公告','1',1556202546,1556202546,0);

/*Table structure for table `think_auth_group` */

DROP TABLE IF EXISTS `think_auth_group`;

CREATE TABLE `think_auth_group` (
  `id` mediumint(8) unsigned NOT NULL AUTO_INCREMENT,
  `title` char(100) NOT NULL DEFAULT '',
  `status` tinyint(1) NOT NULL DEFAULT '1',
  `rules` text NOT NULL,
  `create_time` int(11) DEFAULT NULL,
  `update_time` int(11) DEFAULT NULL,
  PRIMARY KEY (`id`)
) ENGINE=MyISAM AUTO_INCREMENT=24 DEFAULT CHARSET=utf8;

/*Data for the table `think_auth_group` */

insert  into `think_auth_group`(`id`,`title`,`status`,`rules`,`create_time`,`update_time`) values 
(1,'超级管理员',1,'',1446535750,1446535750),
(4,'系统测试员',1,'1,2,9,10,11,12,3,30,31,32,33,34,4,35,36,37,38,39,61,62,63,92,93,115,5,6,7,8,27,28,29,13,14,22,24,25,40,41,42,43,26,44,45,46,47,48,49,50,51,52,53,54,55,56,57,58,70,71,72,73,74,80,75,76,77,78,79,84,85,88,89,90,107,86,87,101,95,96,97,98,99,100,103,102,94,104,108,105,106,109,110,111,112,113,114',1446535750,1566183317),
(23,'客服',1,'84,91,119,120,121,122,123,124',1567178730,1567234600);

/*Table structure for table `think_auth_group_access` */

DROP TABLE IF EXISTS `think_auth_group_access`;

CREATE TABLE `think_auth_group_access` (
  `uid` mediumint(8) unsigned NOT NULL,
  `group_id` mediumint(8) unsigned NOT NULL,
  UNIQUE KEY `uid_group_id` (`uid`,`group_id`),
  KEY `uid` (`uid`),
  KEY `group_id` (`group_id`)
) ENGINE=MyISAM DEFAULT CHARSET=utf8;

/*Data for the table `think_auth_group_access` */

insert  into `think_auth_group_access`(`uid`,`group_id`) values 
(1,4),
(21,4),
(22,4),
(23,4),
(24,4),
(25,4),
(26,4),
(28,4),
(29,23);

/*Table structure for table `think_auth_rule` */

DROP TABLE IF EXISTS `think_auth_rule`;

CREATE TABLE `think_auth_rule` (
  `id` int(11) unsigned NOT NULL AUTO_INCREMENT,
  `name` char(80) NOT NULL DEFAULT '',
  `title` char(20) NOT NULL DEFAULT '',
  `type` tinyint(1) NOT NULL DEFAULT '1',
  `status` tinyint(1) NOT NULL DEFAULT '1',
  `css` varchar(20) NOT NULL COMMENT '样式',
  `condition` char(100) NOT NULL DEFAULT '',
  `pid` int(11) NOT NULL DEFAULT '0' COMMENT '父栏目ID',
  `sort` int(11) NOT NULL DEFAULT '0' COMMENT '排序',
  `create_time` int(11) NOT NULL DEFAULT '0' COMMENT '添加时间',
  `update_time` int(11) DEFAULT NULL,
  PRIMARY KEY (`id`)
) ENGINE=MyISAM AUTO_INCREMENT=127 DEFAULT CHARSET=utf8;

/*Data for the table `think_auth_rule` */

insert  into `think_auth_rule`(`id`,`name`,`title`,`type`,`status`,`css`,`condition`,`pid`,`sort`,`create_time`,`update_time`) values 
(1,'#','系统管理',1,1,'fa fa-gear','',0,1,1446535750,1477312169),
(2,'admin/user/index','用户管理',1,1,'','',1,10,1446535750,1477312169),
(3,'admin/role/index','角色管理',1,1,'','',1,20,1446535750,1477312169),
(4,'admin/menu/index','菜单管理',1,1,'','',1,30,1446535750,1477312169),
(5,'#','数据库管理',1,1,'fa fa-database','',0,7,1446535750,1477312169),
(6,'admin/data/index','数据库备份',1,1,'','',5,50,1446535750,1477312169),
(7,'admin/data/optimize','优化表',1,1,'','',6,50,1477312169,1477312169),
(8,'admin/data/repair','修复表',1,1,'','',6,50,1477312169,1477312169),
(9,'admin/user/add','添加用户',1,1,'','',2,50,1477312169,1477312169),
(10,'admin/user/edit','编辑用户',1,1,'','',2,50,1477312169,1477312169),
(11,'admin/user/del','删除用户',1,1,'','',2,50,1477312169,1477312169),
(12,'admin/user/state','用户状态',1,1,'','',2,20,1477312169,1477312169),
(13,'#','日志管理',1,1,'fa fa-tasks','',0,6,1477312169,1477312169),
(14,'admin/log/operate_log','行为日志',1,1,'','',13,50,1477312169,1477312169),
(22,'admin/log/del_log','删除日志',1,1,'','',14,50,1477312169,1477316778),
(24,'#','文章管理',1,1,'fa fa-paste','',0,4,1477312169,1477312169),
(25,'admin/article/index_cate','文章分类',1,1,'','',24,10,1477312260,1477312260),
(26,'admin/article/index','文章列表',1,1,'','',24,20,1477312333,1477312333),
(27,'admin/data/import','数据库还原',1,1,'','',5,50,1477639870,1477639870),
(28,'admin/data/revert','还原',1,1,'','',27,50,1477639972,1477639972),
(29,'admin/data/del','删除',1,1,'','',27,50,1477640011,1477640011),
(30,'admin/role/add','添加角色',1,1,'','',3,50,1477640011,1477640011),
(31,'admin/role/edit','编辑角色',1,1,'','',3,50,1477640011,1477640011),
(32,'admin/role/del','删除角色',1,1,'','',3,50,1477640011,1477640011),
(33,'admin/role/state','角色状态',1,1,'','',3,50,1477640011,1477640011),
(34,'admin/role/giveAccess','权限分配',1,1,'','',3,50,1477640011,1477640011),
(35,'admin/menu/add','添加菜单',1,1,'','',4,50,1477640011,147740011),
(36,'admin/menu/edit','编辑菜单',1,1,'','',4,50,1477640011,1477640011),
(37,'admin/menu/del','删除菜单',1,1,'','',4,50,1477640011,1477640011),
(38,'admin/menu/state','菜单状态',1,1,'','',4,50,1477640011,1477640011),
(39,'admin/menu/ruleOrderBy','菜单排序',1,1,'','',4,50,1477640011,1477640011),
(40,'admin/article/add_cate','添加分类',1,1,'','',25,50,1477640011,1477640011),
(41,'admin/article/edit_cate','编辑分类',1,1,'','',25,50,1477640011,1477640011),
(42,'admin/article/del_cate','删除分类',1,1,'','',25,50,1477640011,1477640011),
(43,'admin/article/cate_state','分类状态',1,1,'','',25,50,1477640011,1477640011),
(44,'admin/article/add_article','添加文章',1,1,'','',26,50,1477640011,1477640011),
(45,'admin/article/edit_article','编辑文章',1,1,'','',26,50,1477640011,1477640011),
(46,'admin/article/del_article','删除文章',1,1,'','',26,50,1477640011,1477640011),
(47,'admin/article/article_state','文章状态',1,1,'','',26,50,1477640011,1477640011),
(48,'#','挂单管理',1,0,'fa fa-image','',0,5,1477640011,1477640011),
(49,'admin/banner/index_position','挂单位',1,1,'','',48,10,1477640011,1477640011),
(50,'admin/banner/add_position','添加挂单位',1,1,'','',49,50,1477640011,1477640011),
(51,'admin/banneredit_position','编辑挂单位',1,1,'','',49,50,1477640011,1477640011),
(52,'admin/banner/del_position','删除挂单位',1,1,'','',49,50,1477640011,1477640011),
(53,'admin/banner/position_state','挂单位状态',1,1,'','',49,50,1477640011,1477640011),
(54,'admin/banner/index','挂单列表',1,1,'','',48,20,1477640011,1477640011),
(55,'admin/banner/add','添加挂单',1,1,'','',54,50,1477640011,1477640011),
(56,'admin/banner/edit','编辑挂单',1,1,'','',54,50,1477640011,1477640011),
(57,'admin/banner/del','删除挂单',1,1,'','',54,50,1477640011,1477640011),
(58,'admin/banner/state','挂单状态',1,1,'','',54,50,1477640011,1477640011),
(61,'admin/config/index','配置管理',1,1,'','',1,50,1479908607,1479908607),
(62,'admin/config/index','配置列表',1,1,'','',61,50,1479908607,1487943813),
(63,'admin/config/save','保存配置',1,1,'','',61,50,1479908607,1487943831),
(70,'#','会员管理',1,0,'fa fa-users','',0,3,1484103066,1484103066),
(72,'admin/member/add_group','添加会员组',1,1,'','',71,50,1484103304,1484103304),
(71,'admin/member/group','会员组',1,1,'','',70,10,1484103304,1484103304),
(73,'admin/member/edit_group','编辑会员组',1,1,'','',71,50,1484103304,1484103304),
(74,'admin/member/del_group','删除会员组',1,1,'','',71,50,1484103304,1484103304),
(75,'admin/member/index','会员列表',1,1,'','',70,20,1484103304,1484103304),
(76,'admin/member/add_member','添加会员',1,1,'','',75,50,1484103304,1484103304),
(77,'admin/member/edit_member','编辑会员',1,1,'','',75,50,1484103304,1484103304),
(78,'admin/member/del_member','删除会员',1,1,'','',75,50,1484103304,1484103304),
(79,'admin/member/member_status','会员状态',1,1,'','',75,50,1484103304,1487937671),
(80,'admin/member/group_status','会员组状态',1,1,'','',71,50,1484103304,1484103304),
(84,'#','商户管理',1,1,'fa fa-user','',0,2,1542891863,1542892118),
(85,'admin/merchant/tibi','商户提币列表',1,0,'','',84,50,1542891863,1542892118),
(86,'#','问题管理',1,1,'fa fa-comment','',0,5,1543030476,1543030476),
(87,'admin/message/index','问题列表',1,1,'','',86,50,1543030515,1543030515),
(88,'admin/merchant/address','USDT地址列表',1,1,'','',84,49,1543063416,1543063416),
(89,'admin/merchant/withdrawlist','用户提币列表',1,1,'','',84,50,1543063942,1543063942),
(90,'admin/merchant/rechargelist','用户充值列表',1,0,'','',84,50,1543066579,1543066579),
(91,'admin/merchant/index?reg_type=1','商户列表',1,1,'','',84,48,1543068278,1543068278),
(92,'admin/merchant/usdtlog','USDT更新记录',1,1,'','',1,51,1446535750,1566021721),
(93,'admin/merchant/btclog','BTC更新记录',1,1,'','',1,51,1446535750,1446535750),
(94,'admin/merchant/agentreward','代理奖励',1,1,'','',102,49,1543066579,1543066579),
(95,'admin/merchant/adlist','挂卖列表',1,1,'','',101,52,1446535750,1446535750),
(96,'admin/merchant/orderlist','匹配订单列表',1,1,'','',101,53,1446535750,1446535750),
(97,'admin/merchant/traderrecharge','交易员充币列表',1,1,'','',101,51,1446535750,1446535750),
(98,'admin/merchant/buyadlist','交易员挂买单',1,1,'','',101,54,1446535750,1446535750),
(99,'admin/merchant/orderlistbuy','交易员买单',1,1,'','',101,54,1446535750,1446535750),
(100,'admin/merchant/traderreward','交易员奖励',1,1,'','',101,49,1446535750,1446535750),
(101,'#','承兑商管理',1,1,'fa fa-user','',0,3,1446535750,1446535750),
(102,'#','代理商管理',1,1,'fa fa-user','',0,4,1446535750,1446535750),
(103,'admin/merchant/index?reg_type=2','承兑商列表',1,1,'','',101,0,1543066579,1543066579),
(104,'admin/merchant/index?reg_type=3','代理商列表',1,1,'','',102,0,1543066579,1543066579),
(105,'#','交易管理',1,0,'fa fa-image','',0,3,1555559364,1555561185),
(106,'admin/merchant/orderlist','盘口订单',1,0,' Example of exchange','',105,50,1555559706,1555559853),
(107,'admin/merchant/orderlistbuy?reg_type=1','商户卖单列表',1,1,'','',84,52,1446535750,1446535750),
(108,'admin/merchant/orderlistbuy?reg_type=3','代理商卖单列表',1,1,'','',102,2,1446535750,1446535750),
(109,'#','统计管理',1,1,'fa fa-cube','',0,7,1446535750,1446535750),
(110,'admin/merchant/statistics','平台统计',1,1,'','',109,0,1446535750,1446535750),
(111,'admin/merchant/merchantstatistics','商户统计',1,1,'','',109,0,1446535750,1446535750),
(112,'#','提币管理',1,1,'fa fa-user','',0,5,1556181096,1556181096),
(113,'admin/merchant/tibi','管理提币',1,1,'','',112,50,1556181210,1556181210),
(114,'admin/merchant/rechargelist','盘口提币',1,1,'','',112,50,1556181295,1556181295),
(115,'admin/merchant/log','登录日志',1,1,'','',13,70,1556181210,1556181210),
(116,'admin/log/financelog','资金日志',1,1,'fa fa-usd','',13,50,1566958834,1566958834),
(118,'admin/merchant/addresslist','钱包地址列表',1,1,'','',1,50,1566994828,1566994828),
(119,'admin/merchant/merchant_check','商户注册审核',1,1,'','',91,50,1567009697,1567009697),
(120,'admin/merchant/merchant_agent_check','代理审核',1,1,'','',91,50,1567009697,1567009697),
(121,'admin/merchant/merchant_trader_check','交易员审核',1,1,'','',91,50,1567009697,1567009697),
(122,'admin/merchant/merchant_status','更改会员状态',1,1,'','',91,50,1567009697,1567009697),
(123,'admin/merchant/del_merchant','删除会员',1,1,'','',91,50,1567009697,1567009697),
(124,'admin/merchant/edit_merchant','编辑会员',1,1,'','',91,50,1567009697,1567009697),
(125,'admin/merchant/merchant_check','承兑商注册审核',1,1,'','',103,50,1567009697,1567009697),
(126,'admin/merchant/merchant_check','代理注册审核',1,1,'','',104,50,1567009697,1567009697);

/*Table structure for table `think_banner` */

DROP TABLE IF EXISTS `think_banner`;

CREATE TABLE `think_banner` (
  `id` int(10) unsigned NOT NULL AUTO_INCREMENT,
  `title` varchar(64) DEFAULT NULL,
  `ad_position_id` varchar(10) DEFAULT NULL COMMENT '挂单位',
  `link_url` varchar(128) DEFAULT NULL,
  `images` varchar(128) DEFAULT NULL,
  `start_date` date DEFAULT NULL COMMENT '开始时间',
  `end_date` date DEFAULT NULL COMMENT '结束时间',
  `status` tinyint(1) DEFAULT NULL COMMENT '状态',
  `closed` tinyint(1) DEFAULT '0',
  `orderby` tinyint(3) DEFAULT '100',
  PRIMARY KEY (`id`)
) ENGINE=MyISAM AUTO_INCREMENT=53 DEFAULT CHARSET=utf8;

/*Data for the table `think_banner` */

insert  into `think_banner`(`id`,`title`,`ad_position_id`,`link_url`,`images`,`start_date`,`end_date`,`status`,`closed`,`orderby`) values 
(52,'1','25','','20190819/7fde9b834d7f727fd43caf06e6fc5432.png','2019-08-19','2019-08-20',1,0,100);

/*Table structure for table `think_banner_position` */

DROP TABLE IF EXISTS `think_banner_position`;

CREATE TABLE `think_banner_position` (
  `id` smallint(5) unsigned NOT NULL AUTO_INCREMENT,
  `name` varchar(32) DEFAULT NULL COMMENT '分类名称',
  `orderby` varchar(10) DEFAULT '100' COMMENT '排序',
  `create_time` int(11) DEFAULT NULL COMMENT '创建时间',
  `update_time` int(11) DEFAULT NULL COMMENT '更新时间',
  `status` tinyint(1) DEFAULT NULL,
  PRIMARY KEY (`id`)
) ENGINE=MyISAM AUTO_INCREMENT=29 DEFAULT CHARSET=utf8;

/*Data for the table `think_banner_position` */

insert  into `think_banner_position`(`id`,`name`,`orderby`,`create_time`,`update_time`,`status`) values 
(25,'首页banner','10',1502181832,1502434196,1),
(26,'6168','11',1502182772,1502182772,1);

/*Table structure for table `think_coin_log` */

DROP TABLE IF EXISTS `think_coin_log`;

CREATE TABLE `think_coin_log` (
  `id` int(10) unsigned NOT NULL AUTO_INCREMENT,
  `admin_id` int(11) DEFAULT NULL,
  `balance` decimal(20,8) DEFAULT '0.00000000',
  `coin_type` tinyint(4) DEFAULT '0' COMMENT '0:usdt，1:btc',
  `create_time` int(11) DEFAULT NULL,
  PRIMARY KEY (`id`)
) ENGINE=InnoDB DEFAULT CHARSET=utf8;

/*Data for the table `think_coin_log` */

/*Table structure for table `think_config` */

DROP TABLE IF EXISTS `think_config`;

CREATE TABLE `think_config` (
  `id` int(10) unsigned NOT NULL AUTO_INCREMENT COMMENT '配置ID',
  `name` varchar(30) NOT NULL DEFAULT '' COMMENT '配置名称',
  `value` text COMMENT '配置值',
  PRIMARY KEY (`id`),
  UNIQUE KEY `uk_name` (`name`)
) ENGINE=MyISAM AUTO_INCREMENT=65 DEFAULT CHARSET=utf8;

/*Data for the table `think_config` */

insert  into `think_config`(`id`,`name`,`value`) values 
(1,'web_site_title','Z Pay'),
(2,'web_site_description',''),
(3,'web_site_keyword',''),
(4,'web_site_icp',''),
(5,'web_site_cnzz',''),
(6,'web_site_copy','Copyright  2019  All rights reserved.'),
(7,'web_site_close','1'),
(8,'list_rows','20'),
(9,'admin_allow_ip',''),
(12,'alisms_appkey',''),
(13,'alisms_appsecret',''),
(14,'alisms_signname',''),
(15,'logo','20190901/e51cc260c53245891bfa550d58e78b90.png'),
(16,'merchant_tibi_fee','3'),
(17,'user_tibi_fee',''),
(18,'user_recharge_fee',''),
(19,'merchant_tibi_max','10000'),
(20,'merchant_tibi_min','100'),
(21,'usdt_confirms','6'),
(22,'agent_tibi_fee','0.2'),
(23,'agent_withdraw_fee','0.2'),
(24,'agent_recharge_fee','0.3'),
(25,'usdt_price_way','2'),
(26,'usdt_price_min','6'),
(27,'usdt_price_max','8'),
(28,'moble_url','http://utf8.sms.webchinese.cn'),
(29,'moble_user','authcn'),
(30,'moble_pwd','d41d8cd98f00b204e9801222a'),
(31,'send_message_content','您的挂单买家已付款，数量：{usdt}，请及时处理。'),
(32,'trader_merchant_fee','3'),
(33,'usdt_price_way_buy','2'),
(34,'usdt_price_min_buy','6'),
(35,'usdt_buy_trader_fee','0.2'),
(36,'usdt_buy_merchant_fee','0.05'),
(37,'usdt_price_max_buy','8'),
(38,'trader_platform_get','1'),
(39,'reg_invite_on','0'),
(40,'usdt_pwd','zrCzPx8ozSfWjJqN4iQ81'),
(41,'usdt_fee','0'),
(43,'ad_down_remain_amount','10'),
(44,'trader_parent_get','5'),
(45,'trader_merchant_parent_get','3'),
(46,'trader_pp_max_unfinished_order','100'),
(47,'rpc_user','usdtuser'),
(48,'rpc_pwd','123123123'),
(49,'rpc_url','127.0.0.1'),
(50,'rpc_port','60001'),
(51,'base_address','3Ee5NW584q1wWKCWaxaJzZHdyqiUL46dmP'),
(52,'pk_waiting_finished_num','20'),
(53,'ethip','http://127.0.0.1:40010'),
(54,'usdtaddr','0xdac17f958d2ee523a2206206994597c13d831ec7'),
(55,'feepass',''),
(56,'feeaddr',''),
(57,'hzaddr','0x4D0567E832BA305e08489deCfbCd49041A861B4b'),
(58,'mincover','10'),
(59,'wallettype','erc'),
(60,'usdtabi','[{\"constant\":true,\"inputs\":[],\"name\":\"name\",\"outputs\":[{\"name\":\"\",\"type\":\"string\"}],\"payable\":false,\"stateMutability\":\"view\",\"type\":\"function\"},{\"constant\":false,\"inputs\":[{\"name\":\"_upgradedAddress\",\"type\":\"address\"}],\"name\":\"deprecate\",\"outputs\":[],\"payable\":false,\"stateMutability\":\"nonpayable\",\"type\":\"function\"},{\"constant\":false,\"inputs\":[{\"name\":\"_spender\",\"type\":\"address\"},{\"name\":\"_value\",\"type\":\"uint256\"}],\"name\":\"approve\",\"outputs\":[],\"payable\":false,\"stateMutability\":\"nonpayable\",\"type\":\"function\"},{\"constant\":true,\"inputs\":[],\"name\":\"deprecated\",\"outputs\":[{\"name\":\"\",\"type\":\"bool\"}],\"payable\":false,\"stateMutability\":\"view\",\"type\":\"function\"},{\"constant\":false,\"inputs\":[{\"name\":\"_evilUser\",\"type\":\"address\"}],\"name\":\"addBlackList\",\"outputs\":[],\"payable\":false,\"stateMutability\":\"nonpayable\",\"type\":\"function\"},{\"constant\":true,\"inputs\":[],\"name\":\"totalSupply\",\"outputs\":[{\"name\":\"\",\"type\":\"uint256\"}],\"payable\":false,\"stateMutability\":\"view\",\"type\":\"function\"},{\"constant\":false,\"inputs\":[{\"name\":\"_from\",\"type\":\"address\"},{\"name\":\"_to\",\"type\":\"address\"},{\"name\":\"_value\",\"type\":\"uint256\"}],\"name\":\"transferFrom\",\"outputs\":[],\"payable\":false,\"stateMutability\":\"nonpayable\",\"type\":\"function\"},{\"constant\":true,\"inputs\":[],\"name\":\"upgradedAddress\",\"outputs\":[{\"name\":\"\",\"type\":\"address\"}],\"payable\":false,\"stateMutability\":\"view\",\"type\":\"function\"},{\"constant\":true,\"inputs\":[{\"name\":\"\",\"type\":\"address\"}],\"name\":\"balances\",\"outputs\":[{\"name\":\"\",\"type\":\"uint256\"}],\"payable\":false,\"stateMutability\":\"view\",\"type\":\"function\"},{\"constant\":true,\"inputs\":[],\"name\":\"decimals\",\"outputs\":[{\"name\":\"\",\"type\":\"uint256\"}],\"payable\":false,\"stateMutability\":\"view\",\"type\":\"function\"},{\"constant\":true,\"inputs\":[],\"name\":\"maximumFee\",\"outputs\":[{\"name\":\"\",\"type\":\"uint256\"}],\"payable\":false,\"stateMutability\":\"view\",\"type\":\"function\"},{\"constant\":true,\"inputs\":[],\"name\":\"_totalSupply\",\"outputs\":[{\"name\":\"\",\"type\":\"uint256\"}],\"payable\":false,\"stateMutability\":\"view\",\"type\":\"function\"},{\"constant\":false,\"inputs\":[],\"name\":\"unpause\",\"outputs\":[],\"payable\":false,\"stateMutability\":\"nonpayable\",\"type\":\"function\"},{\"constant\":true,\"inputs\":[{\"name\":\"_maker\",\"type\":\"address\"}],\"name\":\"getBlackListStatus\",\"outputs\":[{\"name\":\"\",\"type\":\"bool\"}],\"payable\":false,\"stateMutability\":\"view\",\"type\":\"function\"},{\"constant\":true,\"inputs\":[{\"name\":\"\",\"type\":\"address\"},{\"name\":\"\",\"type\":\"address\"}],\"name\":\"allowed\",\"outputs\":[{\"name\":\"\",\"type\":\"uint256\"}],\"payable\":false,\"stateMutability\":\"view\",\"type\":\"function\"},{\"constant\":true,\"inputs\":[],\"name\":\"paused\",\"outputs\":[{\"name\":\"\",\"type\":\"bool\"}],\"payable\":false,\"stateMutability\":\"view\",\"type\":\"function\"},{\"constant\":true,\"inputs\":[{\"name\":\"who\",\"type\":\"address\"}],\"name\":\"balanceOf\",\"outputs\":[{\"name\":\"\",\"type\":\"uint256\"}],\"payable\":false,\"stateMutability\":\"view\",\"type\":\"function\"},{\"constant\":false,\"inputs\":[],\"name\":\"pause\",\"outputs\":[],\"payable\":false,\"stateMutability\":\"nonpayable\",\"type\":\"function\"},{\"constant\":true,\"inputs\":[],\"name\":\"getOwner\",\"outputs\":[{\"name\":\"\",\"type\":\"address\"}],\"payable\":false,\"stateMutability\":\"view\",\"type\":\"function\"},{\"constant\":true,\"inputs\":[],\"name\":\"owner\",\"outputs\":[{\"name\":\"\",\"type\":\"address\"}],\"payable\":false,\"stateMutability\":\"view\",\"type\":\"function\"},{\"constant\":true,\"inputs\":[],\"name\":\"symbol\",\"outputs\":[{\"name\":\"\",\"type\":\"string\"}],\"payable\":false,\"stateMutability\":\"view\",\"type\":\"function\"},{\"constant\":false,\"inputs\":[{\"name\":\"_to\",\"type\":\"address\"},{\"name\":\"_value\",\"type\":\"uint256\"}],\"name\":\"transfer\",\"outputs\":[],\"payable\":false,\"stateMutability\":\"nonpayable\",\"type\":\"function\"},{\"constant\":false,\"inputs\":[{\"name\":\"newBasisPoints\",\"type\":\"uint256\"},{\"name\":\"newMaxFee\",\"type\":\"uint256\"}],\"name\":\"setParams\",\"outputs\":[],\"payable\":false,\"stateMutability\":\"nonpayable\",\"type\":\"function\"},{\"constant\":false,\"inputs\":[{\"name\":\"amount\",\"type\":\"uint256\"}],\"name\":\"issue\",\"outputs\":[],\"payable\":false,\"stateMutability\":\"nonpayable\",\"type\":\"function\"},{\"constant\":false,\"inputs\":[{\"name\":\"amount\",\"type\":\"uint256\"}],\"name\":\"redeem\",\"outputs\":[],\"payable\":false,\"stateMutability\":\"nonpayable\",\"type\":\"function\"},{\"constant\":true,\"inputs\":[{\"name\":\"_owner\",\"type\":\"address\"},{\"name\":\"_spender\",\"type\":\"address\"}],\"name\":\"allowance\",\"outputs\":[{\"name\":\"remaining\",\"type\":\"uint256\"}],\"payable\":false,\"stateMutability\":\"view\",\"type\":\"function\"},{\"constant\":true,\"inputs\":[],\"name\":\"basisPointsRate\",\"outputs\":[{\"name\":\"\",\"type\":\"uint256\"}],\"payable\":false,\"stateMutability\":\"view\",\"type\":\"function\"},{\"constant\":true,\"inputs\":[{\"name\":\"\",\"type\":\"address\"}],\"name\":\"isBlackListed\",\"outputs\":[{\"name\":\"\",\"type\":\"bool\"}],\"payable\":false,\"stateMutability\":\"view\",\"type\":\"function\"},{\"constant\":false,\"inputs\":[{\"name\":\"_clearedUser\",\"type\":\"address\"}],\"name\":\"removeBlackList\",\"outputs\":[],\"payable\":false,\"stateMutability\":\"nonpayable\",\"type\":\"function\"},{\"constant\":true,\"inputs\":[],\"name\":\"MAX_UINT\",\"outputs\":[{\"name\":\"\",\"type\":\"uint256\"}],\"payable\":false,\"stateMutability\":\"view\",\"type\":\"function\"},{\"constant\":false,\"inputs\":[{\"name\":\"newOwner\",\"type\":\"address\"}],\"name\":\"transferOwnership\",\"outputs\":[],\"payable\":false,\"stateMutability\":\"nonpayable\",\"type\":\"function\"},{\"constant\":false,\"inputs\":[{\"name\":\"_blackListedUser\",\"type\":\"address\"}],\"name\":\"destroyBlackFunds\",\"outputs\":[],\"payable\":false,\"stateMutability\":\"nonpayable\",\"type\":\"function\"},{\"inputs\":[{\"name\":\"_initialSupply\",\"type\":\"uint256\"},{\"name\":\"_name\",\"type\":\"string\"},{\"name\":\"_symbol\",\"type\":\"string\"},{\"name\":\"_decimals\",\"type\":\"uint256\"}],\"payable\":false,\"stateMutability\":\"nonpayable\",\"type\":\"constructor\"},{\"anonymous\":false,\"inputs\":[{\"indexed\":false,\"name\":\"amount\",\"type\":\"uint256\"}],\"name\":\"Issue\",\"type\":\"event\"},{\"anonymous\":false,\"inputs\":[{\"indexed\":false,\"name\":\"amount\",\"type\":\"uint256\"}],\"name\":\"Redeem\",\"type\":\"event\"},{\"anonymous\":false,\"inputs\":[{\"indexed\":false,\"name\":\"newAddress\",\"type\":\"address\"}],\"name\":\"Deprecate\",\"type\":\"event\"},{\"anonymous\":false,\"inputs\":[{\"indexed\":false,\"name\":\"feeBasisPoints\",\"type\":\"uint256\"},{\"indexed\":false,\"name\":\"maxFee\",\"type\":\"uint256\"}],\"name\":\"Params\",\"type\":\"event\"},{\"anonymous\":false,\"inputs\":[{\"indexed\":false,\"name\":\"_blackListedUser\",\"type\":\"address\"},{\"indexed\":false,\"name\":\"_balance\",\"type\":\"uint256\"}],\"name\":\"DestroyedBlackFunds\",\"type\":\"event\"},{\"anonymous\":false,\"inputs\":[{\"indexed\":false,\"name\":\"_user\",\"type\":\"address\"}],\"name\":\"AddedBlackList\",\"type\":\"event\"},{\"anonymous\":false,\"inputs\":[{\"indexed\":false,\"name\":\"_user\",\"type\":\"address\"}],\"name\":\"RemovedBlackList\",\"type\":\"event\"},{\"anonymous\":false,\"inputs\":[{\"indexed\":true,\"name\":\"owner\",\"type\":\"address\"},{\"indexed\":true,\"name\":\"spender\",\"type\":\"address\"},{\"indexed\":false,\"name\":\"value\",\"type\":\"uint256\"}],\"name\":\"Approval\",\"type\":\"event\"},{\"anonymous\":false,\"inputs\":[{\"indexed\":true,\"name\":\"from\",\"type\":\"address\"},{\"indexed\":true,\"name\":\"to\",\"type\":\"address\"},{\"indexed\":false,\"name\":\"value\",\"type\":\"uint256\"}],\"name\":\"Transfer\",\"type\":\"event\"},{\"anonymous\":false,\"inputs\":[],\"name\":\"Pause\",\"type\":\"event\"},{\"anonymous\":false,\"inputs\":[],\"name\":\"Unpause\",\"type\":\"event\"}]'),
(61,'feeaddrprive','0x05F72bE0CB7Cf86f41a49788C7CCaCC3DC80034C'),
(63,'usdt_price_add','0.07'),
(62,'usdtabi_bak','[{\"constant\":true,\"inputs\":[],\"name\":\"name\",\"outputs\":[{\"name\":\"\",\"type\":\"string\"}],\"payable\":false,\"stateMutability\":\"view\",\"type\":\"function\"},{\"constant\":false,\"inputs\":[{\"name\":\"_upgradedAddress\",\"type\":\"address\"}],\"name\":\"deprecate\",\"outputs\":[],\"payable\":false,\"stateMutability\":\"nonpayable\",\"type\":\"function\"},{\"constant\":false,\"inputs\":[{\"name\":\"_spender\",\"type\":\"address\"},{\"name\":\"_value\",\"type\":\"uint256\"}],\"name\":\"approve\",\"outputs\":[],\"payable\":false,\"stateMutability\":\"nonpayable\",\"type\":\"function\"},{\"constant\":true,\"inputs\":[],\"name\":\"deprecated\",\"outputs\":[{\"name\":\"\",\"type\":\"bool\"}],\"payable\":false,\"stateMutability\":\"view\",\"type\":\"function\"},{\"constant\":false,\"inputs\":[{\"name\":\"_evilUser\",\"type\":\"address\"}],\"name\":\"addBlackList\",\"outputs\":[],\"payable\":false,\"stateMutability\":\"nonpayable\",\"type\":\"function\"},{\"constant\":true,\"inputs\":[],\"name\":\"totalSupply\",\"outputs\":[{\"name\":\"\",\"type\":\"uint256\"}],\"payable\":false,\"stateMutability\":\"view\",\"type\":\"function\"},{\"constant\":false,\"inputs\":[{\"name\":\"_from\",\"type\":\"address\"},{\"name\":\"_to\",\"type\":\"address\"},{\"name\":\"_value\",\"type\":\"uint256\"}],\"name\":\"transferFrom\",\"outputs\":[],\"payable\":false,\"stateMutability\":\"nonpayable\",\"type\":\"function\"},{\"constant\":true,\"inputs\":[],\"name\":\"upgradedAddress\",\"outputs\":[{\"name\":\"\",\"type\":\"address\"}],\"payable\":false,\"stateMutability\":\"view\",\"type\":\"function\"},{\"constant\":true,\"inputs\":[{\"name\":\"\",\"type\":\"address\"}],\"name\":\"balances\",\"outputs\":[{\"name\":\"\",\"type\":\"uint256\"}],\"payable\":false,\"stateMutability\":\"view\",\"type\":\"function\"},{\"constant\":true,\"inputs\":[],\"name\":\"decimals\",\"outputs\":[{\"name\":\"\",\"type\":\"uint256\"}],\"payable\":false,\"stateMutability\":\"view\",\"type\":\"function\"},{\"constant\":true,\"inputs\":[],\"name\":\"maximumFee\",\"outputs\":[{\"name\":\"\",\"type\":\"uint256\"}],\"payable\":false,\"stateMutability\":\"view\",\"type\":\"function\"},{\"constant\":true,\"inputs\":[],\"name\":\"_totalSupply\",\"outputs\":[{\"name\":\"\",\"type\":\"uint256\"}],\"payable\":false,\"stateMutability\":\"view\",\"type\":\"function\"},{\"constant\":false,\"inputs\":[],\"name\":\"unpause\",\"outputs\":[],\"payable\":false,\"stateMutability\":\"nonpayable\",\"type\":\"function\"},{\"constant\":true,\"inputs\":[{\"name\":\"_maker\",\"type\":\"address\"}],\"name\":\"getBlackListStatus\",\"outputs\":[{\"name\":\"\",\"type\":\"bool\"}],\"payable\":false,\"stateMutability\":\"view\",\"type\":\"function\"},{\"constant\":true,\"inputs\":[{\"name\":\"\",\"type\":\"address\"},{\"name\":\"\",\"type\":\"address\"}],\"name\":\"allowed\",\"outputs\":[{\"name\":\"\",\"type\":\"uint256\"}],\"payable\":false,\"stateMutability\":\"view\",\"type\":\"function\"},{\"constant\":true,\"inputs\":[],\"name\":\"paused\",\"outputs\":[{\"name\":\"\",\"type\":\"bool\"}],\"payable\":false,\"stateMutability\":\"view\",\"type\":\"function\"},{\"constant\":true,\"inputs\":[{\"name\":\"who\",\"type\":\"address\"}],\"name\":\"balanceOf\",\"outputs\":[{\"name\":\"\",\"type\":\"uint256\"}],\"payable\":false,\"stateMutability\":\"view\",\"type\":\"function\"},{\"constant\":false,\"inputs\":[],\"name\":\"pause\",\"outputs\":[],\"payable\":false,\"stateMutability\":\"nonpayable\",\"type\":\"function\"},{\"constant\":true,\"inputs\":[],\"name\":\"getOwner\",\"outputs\":[{\"name\":\"\",\"type\":\"address\"}],\"payable\":false,\"stateMutability\":\"view\",\"type\":\"function\"},{\"constant\":true,\"inputs\":[],\"name\":\"owner\",\"outputs\":[{\"name\":\"\",\"type\":\"address\"}],\"payable\":false,\"stateMutability\":\"view\",\"type\":\"function\"},{\"constant\":true,\"inputs\":[],\"name\":\"symbol\",\"outputs\":[{\"name\":\"\",\"type\":\"string\"}],\"payable\":false,\"stateMutability\":\"view\",\"type\":\"function\"},{\"constant\":false,\"inputs\":[{\"name\":\"_to\",\"type\":\"address\"},{\"name\":\"_value\",\"type\":\"uint256\"}],\"name\":\"transfer\",\"outputs\":[],\"payable\":false,\"stateMutability\":\"nonpayable\",\"type\":\"function\"},{\"constant\":false,\"inputs\":[{\"name\":\"newBasisPoints\",\"type\":\"uint256\"},{\"name\":\"newMaxFee\",\"type\":\"uint256\"}],\"name\":\"setParams\",\"outputs\":[],\"payable\":false,\"stateMutability\":\"nonpayable\",\"type\":\"function\"},{\"constant\":false,\"inputs\":[{\"name\":\"amount\",\"type\":\"uint256\"}],\"name\":\"issue\",\"outputs\":[],\"payable\":false,\"stateMutability\":\"nonpayable\",\"type\":\"function\"},{\"constant\":false,\"inputs\":[{\"name\":\"amount\",\"type\":\"uint256\"}],\"name\":\"redeem\",\"outputs\":[],\"payable\":false,\"stateMutability\":\"nonpayable\",\"type\":\"function\"},{\"constant\":true,\"inputs\":[{\"name\":\"_owner\",\"type\":\"address\"},{\"name\":\"_spender\",\"type\":\"address\"}],\"name\":\"allowance\",\"outputs\":[{\"name\":\"remaining\",\"type\":\"uint256\"}],\"payable\":false,\"stateMutability\":\"view\",\"type\":\"function\"},{\"constant\":true,\"inputs\":[],\"name\":\"basisPointsRate\",\"outputs\":[{\"name\":\"\",\"type\":\"uint256\"}],\"payable\":false,\"stateMutability\":\"view\",\"type\":\"function\"},{\"constant\":true,\"inputs\":[{\"name\":\"\",\"type\":\"address\"}],\"name\":\"isBlackListed\",\"outputs\":[{\"name\":\"\",\"type\":\"bool\"}],\"payable\":false,\"stateMutability\":\"view\",\"type\":\"function\"},{\"constant\":false,\"inputs\":[{\"name\":\"_clearedUser\",\"type\":\"address\"}],\"name\":\"removeBlackList\",\"outputs\":[],\"payable\":false,\"stateMutability\":\"nonpayable\",\"type\":\"function\"},{\"constant\":true,\"inputs\":[],\"name\":\"MAX_UINT\",\"outputs\":[{\"name\":\"\",\"type\":\"uint256\"}],\"payable\":false,\"stateMutability\":\"view\",\"type\":\"function\"},{\"constant\":false,\"inputs\":[{\"name\":\"newOwner\",\"type\":\"address\"}],\"name\":\"transferOwnership\",\"outputs\":[],\"payable\":false,\"stateMutability\":\"nonpayable\",\"type\":\"function\"},{\"constant\":false,\"inputs\":[{\"name\":\"_blackListedUser\",\"type\":\"address\"}],\"name\":\"destroyBlackFunds\",\"outputs\":[],\"payable\":false,\"stateMutability\":\"nonpayable\",\"type\":\"function\"},{\"inputs\":[{\"name\":\"_initialSupply\",\"type\":\"uint256\"},{\"name\":\"_name\",\"type\":\"string\"},{\"name\":\"_symbol\",\"type\":\"string\"},{\"name\":\"_decimals\",\"type\":\"uint256\"}],\"payable\":false,\"stateMutability\":\"nonpayable\",\"type\":\"constructor\"},{\"anonymous\":false,\"inputs\":[{\"indexed\":false,\"name\":\"amount\",\"type\":\"uint256\"}],\"name\":\"Issue\",\"type\":\"event\"},{\"anonymous\":false,\"inputs\":[{\"indexed\":false,\"name\":\"amount\",\"type\":\"uint256\"}],\"name\":\"Redeem\",\"type\":\"event\"},{\"anonymous\":false,\"inputs\":[{\"indexed\":false,\"name\":\"newAddress\",\"type\":\"address\"}],\"name\":\"Deprecate\",\"type\":\"event\"},{\"anonymous\":false,\"inputs\":[{\"indexed\":false,\"name\":\"feeBasisPoints\",\"type\":\"uint256\"},{\"indexed\":false,\"name\":\"maxFee\",\"type\":\"uint256\"}],\"name\":\"Params\",\"type\":\"event\"},{\"anonymous\":false,\"inputs\":[{\"indexed\":false,\"name\":\"_blackListedUser\",\"type\":\"address\"},{\"indexed\":false,\"name\":\"_balance\",\"type\":\"uint256\"}],\"name\":\"DestroyedBlackFunds\",\"type\":\"event\"},{\"anonymous\":false,\"inputs\":[{\"indexed\":false,\"name\":\"_user\",\"type\":\"address\"}],\"name\":\"AddedBlackList\",\"type\":\"event\"},{\"anonymous\":false,\"inputs\":[{\"indexed\":false,\"name\":\"_user\",\"type\":\"address\"}],\"name\":\"RemovedBlackList\",\"type\":\"event\"},{\"anonymous\":false,\"inputs\":[{\"indexed\":true,\"name\":\"owner\",\"type\":\"address\"},{\"indexed\":true,\"name\":\"spender\",\"type\":\"address\"},{\"indexed\":false,\"name\":\"value\",\"type\":\"uint256\"}],\"name\":\"Approval\",\"type\":\"event\"},{\"anonymous\":false,\"inputs\":[{\"indexed\":true,\"name\":\"from\",\"type\":\"address\"},{\"indexed\":true,\"name\":\"to\",\"type\":\"address\"},{\"indexed\":false,\"name\":\"value\",\"type\":\"uint256\"}],\"name\":\"Transfer\",\"type\":\"event\"},{\"anonymous\":false,\"inputs\":[],\"name\":\"Pause\",\"type\":\"event\"},{\"anonymous\":false,\"inputs\":[],\"name\":\"Unpause\",\"type\":\"event\"}]'),
(64,'usdt_price_add_buy','-0.04');

/*Table structure for table `think_financelog` */

DROP TABLE IF EXISTS `think_financelog`;

CREATE TABLE `think_financelog` (
  `id` int(11) NOT NULL AUTO_INCREMENT,
  `uid` int(11) DEFAULT NULL COMMENT '用户ID',
  `user` varchar(50) DEFAULT NULL COMMENT '用户姓名',
  `note` varchar(300) DEFAULT NULL COMMENT '描述',
  `amount` varchar(200) DEFAULT NULL COMMENT '数量',
  `status` tinyint(1) DEFAULT NULL COMMENT '0增加1减少',
  `add_time` int(11) DEFAULT NULL COMMENT '添加时间',
  `op` varchar(255) DEFAULT NULL COMMENT '操作员',
  PRIMARY KEY (`id`) USING BTREE
) ENGINE=MyISAM AUTO_INCREMENT=158 DEFAULT CHARSET=utf8;

/*Data for the table `think_financelog` */

insert  into `think_financelog`(`id`,`uid`,`user`,`note`,`amount`,`status`,`add_time`,`op`) values 
(1,1,'商户','买入USDT_f1','95.1136044908',0,1567306659,'承兑商二'),
(2,1,'商户','卖出USDT_冻结1','70.6293706293',1,1567308652,'商户'),
(3,4,'承兑商二','买入USDT_f2','70.6293706293',0,1567308882,'商户'),
(4,1,'商户','买入USDT_f1','127.0014025224',0,1567309752,'承兑商二'),
(5,1,'商户','买入USDT_f1','16.3562412384',0,1567317061,'承兑商二'),
(6,1,'商户','买入USDT_f1','137.1725105198',0,1567317070,'承兑商二'),
(7,1,'商户','买入USDT_f1','10.0336605866',0,1567317480,'承兑商二'),
(8,1,'商户','买入USDT_f1','59.5097493004',0,1567319041,'承兑商二'),
(9,1,'商户','买入USDT_f1','112.019635343',0,1567319141,'承兑商二'),
(10,1,'商户','买入USDT_f1','4.231197775',0,1567319245,'承兑商二'),
(11,1,'商户','买入USDT_f1','50.6378830062',0,1567319407,'承兑商二'),
(12,1,'商户','卖出USDT_冻结1','14.08963585344',1,1567319819,'商户'),
(13,4,'承兑商二','买入USDT_f2','14.1456582624',0,1567319996,'商户'),
(14,1,'商户','买入USDT_f1','62.239554314',0,1567325251,'承兑商二'),
(15,4,'承兑商二','后台修改USDT余额','18396.69805022',1,1567325428,'admin'),
(16,1,'商户','后台修改USDT余额','207.67230874',0,1567327705,'admin'),
(17,1,'商户','买入USDT_f1','122.8036211707',0,1567327999,'承兑商二'),
(18,1,'商户','后台修改USDT余额','122.80362117',1,1567328350,'admin'),
(19,4,'承兑商二','后台修改USDT余额','126.60167131',0,1567328420,'admin'),
(20,1,'商户','买入USDT_f1','70.3325905248',0,1567328519,'承兑商二'),
(21,1,'商户','后台修改USDT余额','70.33259052',1,1567328663,'admin'),
(22,4,'承兑商二','后台修改USDT余额','70.4735376',0,1567328694,'admin'),
(23,1,'商户','买入USDT_f1','69.7465181014',0,1567328838,'承兑商二'),
(24,4,'承兑商二','后台修改USDT余额','71.16991643',0,1567329260,'admin'),
(25,1,'商户','买入USDT_f1','139.08205841',0,1567329534,'承兑商二'),
(26,4,'承兑商二','后台修改USDT余额','139.08205841',0,1567329585,'admin'),
(27,1,'商户','后台修改USDT余额','208.82857651',1,1567329606,'admin'),
(28,1,'商户','买入USDT_f1','13.649025068',0,1567329775,'承兑商二'),
(29,4,'承兑商二','后台修改USDT余额','13.9275766',0,1567329970,'admin'),
(30,1,'商户','后台修改USDT余额','13.64902507',1,1567329990,'admin'),
(31,1,'商户','买入USDT_f1','136.3004172418',0,1567330139,'承兑商二'),
(32,4,'承兑商二','后台修改USDT余额','139.08205841',0,1567330161,'admin'),
(33,1,'商户','后台修改USDT余额','136.30041724',1,1567330182,'admin'),
(34,1,'商户','买入USDT_f1','980',0,1567330252,'承兑商二'),
(35,4,'承兑商二','后台修改USDT余额','1000',0,1567330564,'admin'),
(36,1,'商户','后台修改USDT余额','980',1,1567330592,'admin'),
(37,1,'商户','买入USDT_f1','980',0,1567330698,'承兑商二'),
(38,4,'承兑商二','后台修改USDT余额','1000',0,1567330756,'admin'),
(39,1,'商户','后台修改USDT余额','980',1,1567330771,'admin'),
(40,1,'商户','买入USDT_f1','980',0,1567331058,'承兑商二'),
(41,1,'商户','后台修改USDT余额','980',1,1567331287,'admin'),
(42,4,'承兑商二','后台修改USDT余额','1000',0,1567331371,'admin'),
(43,1,'商户','买入USDT_f1','996',0,1567331523,'承兑商二'),
(44,1,'商户','后台修改USDT余额','996',1,1567331827,'admin'),
(45,4,'承兑商二','后台修改USDT余额','1000',0,1567331902,'admin'),
(46,1,'商户','买入USDT_f1','1000',0,1567331993,'承兑商二'),
(47,4,'承兑商二','后台修改USDT余额','1000',0,1567332292,'admin'),
(48,1,'商户','后台修改USDT余额','1000',1,1567332333,'admin'),
(49,1,'商户','买入USDT_f1','996',0,1567332402,'承兑商二'),
(50,3,'代理商','后台修改USDT余额','1000',0,1567332738,'admin'),
(51,4,'承兑商二','后台修改USDT余额','1000',0,1567333413,'admin'),
(52,1,'商户','买入USDT_f1','996',0,1567333546,'承兑商二'),
(53,1,'商户','后台修改USDT余额','1992',1,1567334879,'admin'),
(54,1,'商户','后台修改USDT余额','392.7',0,1567334976,'admin'),
(55,4,'承兑商二','后台修改USDT余额','1392.7',0,1567335002,'admin'),
(56,2,'承兑商','提币_1','10.00000000',1,1567335803,'admin'),
(57,4,'承兑商二','后台修改USDT余额','392.7',1,1567337509,'admin'),
(58,1,'商户','后台修改USDT余额','392.7',1,1567337537,'admin'),
(59,1,'商户','买入USDT_f1','970',0,1567337614,'承兑商二'),
(60,4,'承兑商二','交易员利润_f1','5',0,1567337614,'承兑商二'),
(61,4,'承兑商二','后台修改USDT余额','995',0,1567337868,'admin'),
(62,1,'商户','买入USDT_f1','970',0,1567337920,'承兑商二'),
(63,4,'承兑商二','交易员利润_f1','2',0,1567337920,'承兑商二'),
(64,4,'承兑商二','后台修改USDT余额','998',0,1567338033,'admin'),
(65,1,'商户','后台修改USDT余额','1940',1,1567338072,'admin'),
(66,1,'商户','买入USDT_f1','970',0,1567338136,'承兑商二'),
(67,4,'承兑商二','交易员利润_f1','1.5',0,1567338136,'承兑商二'),
(68,1,'商户','后台修改USDT余额','970',1,1567338242,'admin'),
(69,1,'商户','后台修改USDT余额','1000',1,1567338261,'admin'),
(70,4,'承兑商二','后台修改USDT余额','998.5',0,1567338330,'admin'),
(71,1,'商户','买入USDT_f1','996.5',0,1567338470,'承兑商二'),
(72,4,'承兑商二','后台修改USDT余额','1000',0,1567338749,'admin'),
(73,1,'商户','后台修改USDT余额','996.5',1,1567338777,'admin'),
(74,1,'商户','买入USDT_f1','996.5',0,1567338874,'承兑商二'),
(75,1,'商户','后台修改USDT余额','3.5',0,1567338990,'admin'),
(76,4,'承兑商二','后台修改USDT余额','1000',0,1567339017,'admin'),
(77,1,'商户','买入USDT_f1','996.5',0,1567339111,'承兑商二'),
(78,4,'承兑商二','后台修改USDT余额','1000',0,1567339214,'admin'),
(79,1,'商户','后台修改USDT余额','1996.5',1,1567339302,'admin'),
(80,1,'商户','买入USDT_f1','965',0,1567339326,'承兑商二'),
(81,4,'承兑商二','交易员利润_f1','1.5',0,1567339326,'承兑商二'),
(82,1,'商户','后台修改USDT余额','965',1,1567339553,'admin'),
(83,4,'承兑商二','后台修改USDT余额','998.5',0,1567339571,'admin'),
(84,1,'商户','买入USDT_f1','992',0,1567339733,'承兑商二'),
(85,4,'承兑商二','交易员利润_f1','1.5',0,1567339733,'承兑商二'),
(86,1,'商户','后台修改USDT余额','992',1,1567339819,'admin'),
(87,4,'承兑商二','后台修改USDT余额','998.5',0,1567339832,'admin'),
(88,1,'商户','买入USDT_f1','995',0,1567339889,'承兑商二'),
(89,4,'承兑商二','交易员利润_f1','1.5',0,1567339889,'承兑商二'),
(90,4,'承兑商二','后台修改USDT余额','998.5',0,1567340031,'admin'),
(91,1,'商户','后台修改USDT余额','995',1,1567340049,'admin'),
(92,1,'商户','买入USDT_f1','996',0,1567340109,'承兑商二'),
(93,4,'承兑商二','交易员利润_f1','1.5',0,1567340109,'承兑商二'),
(94,1,'商户','后台修改USDT余额','4',0,1567340194,'admin'),
(95,4,'承兑商二','后台修改USDT余额','998.5',0,1567340207,'admin'),
(96,1,'商户','买入USDT_f1','996.5',0,1567340273,'承兑商二'),
(97,4,'承兑商二','交易员利润_f1','1.5',0,1567340273,'承兑商二'),
(98,4,'承兑商二','后台修改USDT余额','9998.5',0,1567341691,'admin'),
(99,1,'商户','后台修改USDT余额','1996.5',1,1567341715,'admin'),
(100,1,'商户','买入USDT_f1','9965',0,1567341820,'承兑商二'),
(101,4,'承兑商二','后台修改USDT余额','1000',0,1567341950,'admin'),
(102,1,'商户','后台修改USDT余额','9965',1,1567341970,'admin'),
(103,1,'商户','买入USDT_f1','996.5',0,1567342042,'承兑商二'),
(104,4,'承兑商二','交易员利润_f1','1.5',0,1567342042,'承兑商二'),
(105,4,'承兑商二','后台修改USDT余额','998.5',0,1567349722,'admin'),
(106,1,'商户','后台修改USDT余额','996.5',1,1567349742,'admin'),
(107,1,'商户','买入USDT_f1','13.8788300819',0,1567349977,'承兑商二'),
(108,4,'承兑商二','交易员利润_f1','0.0208913649',0,1567349977,'承兑商二'),
(109,4,'承兑商二','后台修改USDT余额','1013.90668524',0,1567350114,'admin'),
(110,1,'商户','买入USDT_f1','13.8788300819',0,1567350197,'承兑商二'),
(111,4,'承兑商二','交易员利润_f1','0.0208913649',0,1567350197,'承兑商二'),
(112,4,'承兑商二','后台修改USDT余额','986.09331476',1,1567419514,'admin'),
(113,4,'承兑商二','后台修改USDT余额','1000',0,1567419608,'admin'),
(114,6,'陈超','后台修改USDT余额','1000',0,1567420168,'admin'),
(115,1,'商户','买入USDT_f1','13.85952711956',0,1567420349,'承兑商二'),
(116,4,'承兑商二','交易员利润_f1','0.02086230876',0,1567420349,'承兑商二'),
(117,4,'承兑商二','后台修改USDT余额','986.11265647',1,1567420611,'admin'),
(118,2,'承兑商','后台修改USDT余额','7994.71549102',1,1567420710,'admin'),
(119,2,'承兑商','后台修改USDT余额','7994.71549102',1,1567420717,'admin'),
(120,2,'承兑商','后台修改USDT余额','7994.71549102',1,1567420720,'admin'),
(121,2,'承兑商','后台修改USDT余额','7994.71549102',1,1567420722,'admin'),
(122,2,'承兑商','后台修改USDT余额','7994.71549102',1,1567420727,'admin'),
(123,2,'承兑商','后台修改USDT余额','7994.71549102',1,1567420748,'admin'),
(124,2,'承兑商','后台修改USDT冻结余额','1673.98182177',1,1567420748,'admin'),
(125,1,'商户','买入USDT_f1','990.98686030211',0,1567420978,'承兑商'),
(126,2,'承兑商','交易员利润_f1','1.49170124481',0,1567420978,'承兑商'),
(127,2,'承兑商','后台修改USDT余额','1.49170124',1,1567421151,'admin'),
(128,2,'承兑商','后台修改USDT冻结余额','5.53250346',1,1567421151,'admin'),
(129,1,'商户','买入USDT_f1','996.5',0,1567421254,'承兑商二'),
(130,4,'承兑商二','交易员利润_f1','1.5',0,1567421254,'承兑商二'),
(131,1,'商户','买入USDT_f1','138.59527120557',0,1567421299,'承兑商'),
(132,2,'承兑商','交易员利润_f1','0.208623087615',0,1567421299,'承兑商'),
(133,2,'承兑商','后台修改USDT余额','138.87343532',0,1567421363,'admin'),
(134,1,'商户','买入USDT_f1','996.5',0,1567421464,'承兑商'),
(135,2,'承兑商','交易员利润_f1','1.5',0,1567421464,'承兑商'),
(136,4,'承兑商二','后台修改USDT余额','998.5',0,1567434706,'admin'),
(137,1,'商户','买入USDT_f1','996.5',0,1567434807,'承兑商二'),
(138,4,'承兑商二','交易员利润_f1','1.5',0,1567434807,'承兑商二'),
(139,1,'商户','后台修改USDT余额','3160.69931879',1,1567478741,'admin'),
(140,1,'商户','提币_1','500.00000000',1,1567479025,'admin'),
(141,3,'代理商','提币_1','500.00000000',1,1567479767,'admin'),
(142,4,'承兑商二','后台修改USDT余额','998.5',0,1568354846,'admin'),
(143,1,'商户','买入USDT_f1','20.185877313895',0,1568354947,'承兑商二'),
(144,1,'商户','买入USDT_f1','67.523181171705',0,1568355216,'承兑商二'),
(145,1,'商户','买入USDT_f1','95.95399429506',0,1568355377,'承兑商二'),
(146,1,'商户','买入USDT_f1','115.85556348241',0,1568355482,'承兑商二'),
(147,4,'承兑商二','后台修改USDT余额','300.57061341',0,1568355538,'admin'),
(148,1,'商户','买入USDT_f1','142.15406561678',0,1568355609,'承兑商二'),
(149,4,'承兑商二','后台修改USDT余额','142.65335235',0,1568355682,'admin'),
(150,4,'承兑商二','后台修改USDT余额','142.65335235',0,1568355774,'admin'),
(151,1,'商户','买入USDT_f1','142.15406561678',0,1568355822,'承兑商二'),
(152,1,'商户','买入USDT_f1','996.5',0,1568355936,'承兑商二'),
(153,4,'承兑商二','后台修改USDT余额','1000',0,1568355994,'admin'),
(154,1,'商户','买入USDT_f1','996.5',0,1568356057,'承兑商二'),
(155,4,'承兑商二','后台修改USDT余额','1000',0,1568356185,'admin'),
(156,1,'商户','买入USDT_f1','996.5',0,1568356252,'承兑商二'),
(157,9,'一千','买入USDT_f1','28.40909091',0,1568966730,'一千');

/*Table structure for table `think_log` */

DROP TABLE IF EXISTS `think_log`;

CREATE TABLE `think_log` (
  `log_id` int(11) NOT NULL AUTO_INCREMENT,
  `admin_id` int(11) DEFAULT NULL COMMENT '用户ID',
  `admin_name` varchar(50) DEFAULT NULL COMMENT '用户姓名',
  `description` varchar(300) DEFAULT NULL COMMENT '描述',
  `ip` char(60) DEFAULT NULL COMMENT 'IP地址',
  `status` tinyint(1) DEFAULT NULL COMMENT '1 成功 2 失败',
  `add_time` int(11) DEFAULT NULL COMMENT '添加时间',
  PRIMARY KEY (`log_id`)
) ENGINE=MyISAM AUTO_INCREMENT=239 DEFAULT CHARSET=utf8;

/*Data for the table `think_log` */

/*Table structure for table `think_login_log` */

DROP TABLE IF EXISTS `think_login_log`;

CREATE TABLE `think_login_log` (
  `id` int(10) unsigned NOT NULL AUTO_INCREMENT,
  `merchant_id` int(11) DEFAULT NULL,
  `login_time` int(11) DEFAULT NULL,
  `update_time` int(11) DEFAULT NULL,
  `online` smallint(6) DEFAULT NULL,
  PRIMARY KEY (`id`)
) ENGINE=InnoDB AUTO_INCREMENT=75 DEFAULT CHARSET=utf8;

/*Data for the table `think_login_log` */

insert  into `think_login_log`(`id`,`merchant_id`,`login_time`,`update_time`,`online`) values 
(74,9,1568970664,1568971716,1);

/*Table structure for table `think_member` */

DROP TABLE IF EXISTS `think_member`;

CREATE TABLE `think_member` (
  `id` int(10) unsigned NOT NULL AUTO_INCREMENT,
  `account` varchar(64) DEFAULT NULL COMMENT '邮件或者手机',
  `nickname` varchar(32) DEFAULT NULL COMMENT '昵称',
  `sex` int(10) DEFAULT NULL COMMENT '1男2女',
  `password` char(32) DEFAULT NULL,
  `group_id` int(11) DEFAULT NULL,
  `head_img` varchar(128) DEFAULT NULL COMMENT '头像',
  `integral` int(11) DEFAULT '0' COMMENT '积分',
  `money` int(11) DEFAULT '0' COMMENT '账户余额',
  `mobile` varchar(11) DEFAULT NULL COMMENT '认证的手机号码',
  `create_time` int(11) DEFAULT '0' COMMENT '注册时间',
  `update_time` int(11) DEFAULT NULL COMMENT '最后一次登录',
  `login_num` varchar(15) DEFAULT NULL COMMENT '登录次数',
  `status` tinyint(1) DEFAULT NULL COMMENT '1正常  0 禁用',
  `closed` tinyint(1) DEFAULT '0' COMMENT '0正常，1删除',
  `token` char(32) DEFAULT '0' COMMENT '令牌',
  `session_id` varchar(20) DEFAULT NULL,
  PRIMARY KEY (`id`)
) ENGINE=MyISAM AUTO_INCREMENT=212066 DEFAULT CHARSET=utf8;

/*Data for the table `think_member` */

/*Table structure for table `think_member_group` */

DROP TABLE IF EXISTS `think_member_group`;

CREATE TABLE `think_member_group` (
  `id` int(11) NOT NULL AUTO_INCREMENT COMMENT '留言Id',
  `group_name` varchar(32) NOT NULL COMMENT '留言评论作者',
  `status` tinyint(1) DEFAULT NULL,
  `create_time` int(11) DEFAULT NULL COMMENT '留言回复时间',
  `update_time` int(11) DEFAULT NULL,
  PRIMARY KEY (`id`)
) ENGINE=MyISAM AUTO_INCREMENT=127 DEFAULT CHARSET=utf8 COMMENT='文章评论表';

/*Data for the table `think_member_group` */

insert  into `think_member_group`(`id`,`group_name`,`status`,`create_time`,`update_time`) values 
(1,'系统组',1,1441616559,1525405964),
(2,'游客组',1,1441617195,1502940499),
(3,'VIP1',1,1441769224,1502940506);

/*Table structure for table `think_merchant` */

DROP TABLE IF EXISTS `think_merchant`;

CREATE TABLE `think_merchant` (
  `id` int(10) unsigned NOT NULL AUTO_INCREMENT,
  `name` varchar(10) NOT NULL COMMENT '姓名',
  `mobile` char(11) NOT NULL COMMENT '手机号',
  `password` char(32) NOT NULL COMMENT '密码',
  `paypassword` char(32) DEFAULT NULL COMMENT '交易密码',
  `invite` varchar(15) DEFAULT NULL COMMENT '邀请码',
  `idcard` varchar(50) DEFAULT NULL COMMENT '身份证号',
  `idcard_zheng` varchar(255) DEFAULT NULL COMMENT '正面照',
  `idcard_fan` varchar(255) DEFAULT NULL COMMENT '反面照',
  `appid` char(16) NOT NULL COMMENT '商户id',
  `key` char(32) NOT NULL COMMENT 'MD5Key',
  `addtime` int(11) NOT NULL COMMENT '注册时间',
  `status` tinyint(2) NOT NULL DEFAULT '1',
  `usdt` decimal(20,8) DEFAULT '0.00000000' COMMENT '活动的usdt',
  `usdtd` decimal(20,8) DEFAULT '0.00000000' COMMENT '冻结usdt',
  `headpic` varchar(255) DEFAULT NULL COMMENT '头像',
  `ga` varchar(255) DEFAULT NULL,
  `merchant_tibi_fee` decimal(10,4) DEFAULT '0.0000',
  `user_withdraw_fee` decimal(10,4) DEFAULT '0.0000',
  `user_recharge_fee` decimal(10,4) DEFAULT '0.0000',
  `pid` int(11) DEFAULT '0',
  `reg_check` tinyint(4) DEFAULT '0' COMMENT '0:待审核，1:通过，2：拒绝',
  `agent_check` tinyint(4) DEFAULT '0' COMMENT '0:未提交，1：通过，2：拒绝，3：已提交申请',
  `trader_check` tinyint(4) DEFAULT '0' COMMENT '交易员审核，0:未提交，1：通过，2：拒绝，3：已提交申请',
  `usdtb` varchar(200) DEFAULT NULL COMMENT 'omni地址',
  `usdte` varchar(255) DEFAULT NULL COMMENT 'erc地址',
  `trader_recharge_fee` decimal(10,4) DEFAULT '0.0000',
  `c_bank` varchar(20) DEFAULT NULL,
  `c_bank_detail` varchar(50) DEFAULT NULL,
  `c_bank_card` varchar(50) DEFAULT NULL,
  `c_wechat_account` varchar(50) DEFAULT NULL,
  `c_wechat_img` varchar(255) DEFAULT NULL,
  `c_alipay_account` varchar(50) DEFAULT NULL,
  `c_alipay_img` varchar(255) DEFAULT NULL,
  `transact` int(11) DEFAULT '0',
  `averge` int(11) DEFAULT '0',
  `online` tinyint(4) DEFAULT '0',
  `pp_amount` int(11) DEFAULT '0',
  `transact_buy` int(11) DEFAULT '0',
  `averge_buy` int(11) DEFAULT '0',
  `trader_trader_get` decimal(10,2) DEFAULT '0.00',
  `trader_parent_get` decimal(10,2) DEFAULT '0.00',
  `trader_merchant_parent_get` decimal(10,2) DEFAULT '0.00',
  `pptrader` varchar(255) DEFAULT NULL,
  `merchant_pk_fee` decimal(10,2) DEFAULT '0.00' COMMENT '商户盘口费率',
  `reg_type` tinyint(4) DEFAULT NULL COMMENT '1,商户,2,承兑商,3,代理商',
  `recharge_amount` decimal(20,8) DEFAULT '0.00000000' COMMENT '充值数量汇总',
  `withdraw_amount` decimal(20,8) DEFAULT '0.00000000' COMMENT '提币数量汇总',
  `ad_on_sell` int(11) DEFAULT '0' COMMENT '挂卖单数',
  `ad_on_buy` int(11) DEFAULT '0' COMMENT '挂买单数',
  `order_sell_success_num` int(11) DEFAULT '0' COMMENT '出售成功次数',
  `order_buy_success_num` int(11) DEFAULT '0' COMMENT '求购成功次数',
  `order_sell_usdt_amount` decimal(20,8) DEFAULT '0.00000000' COMMENT '总出售usdt数量',
  `order_buy_usdt_amount` decimal(20,8) DEFAULT '0.00000000' COMMENT '总求购usdt数量',
  `nickname` varchar(50) DEFAULT NULL,
  PRIMARY KEY (`id`)
) ENGINE=InnoDB AUTO_INCREMENT=19 DEFAULT CHARSET=utf8;

/*Data for the table `think_merchant` */

insert  into `think_merchant`(`id`,`name`,`mobile`,`password`,`paypassword`,`invite`,`idcard`,`idcard_zheng`,`idcard_fan`,`appid`,`key`,`addtime`,`status`,`usdt`,`usdtd`,`headpic`,`ga`,`merchant_tibi_fee`,`user_withdraw_fee`,`user_recharge_fee`,`pid`,`reg_check`,`agent_check`,`trader_check`,`usdtb`,`usdte`,`trader_recharge_fee`,`c_bank`,`c_bank_detail`,`c_bank_card`,`c_wechat_account`,`c_wechat_img`,`c_alipay_account`,`c_alipay_img`,`transact`,`averge`,`online`,`pp_amount`,`transact_buy`,`averge_buy`,`trader_trader_get`,`trader_parent_get`,`trader_merchant_parent_get`,`pptrader`,`merchant_pk_fee`,`reg_type`,`recharge_amount`,`withdraw_amount`,`ad_on_sell`,`ad_on_buy`,`order_sell_success_num`,`order_buy_success_num`,`order_sell_usdt_amount`,`order_buy_usdt_amount`,`nickname`) values 
(1,'商户','13579246810','4297f44b13955235245b2497399d7a93','e10adc3949ba59abbe56e057f20f883e',NULL,'123456789012345678','20190829/159d42ce9d24a24eb9edc0e0f478873a.png','20190829/4787ebebbbc424cc5f2f78f3d0c3ed88.png','QndLSfX9Q0uaVuak','24ccfcdb5d8f5b7a86e9df6348a20347',1567083094,1,4073.32674750,0.00000000,NULL,'IB7KS5ON3OPT7R5C|0|0',3.0000,0.0000,0.0000,0,1,0,0,NULL,NULL,0.0000,NULL,NULL,NULL,NULL,NULL,NULL,NULL,0,0,0,0,0,0,0.00,0.00,0.00,'',0.35,1,0.00000000,500.00000000,0,0,4,59,195.81900648,37923.15842311,'测试商户'),
(3,'代理商','13800138002','4297f44b13955235245b2497399d7a93','e10adc3949ba59abbe56e057f20f883e','JHKZNB','123456789012345672','20190829/c9c1743ce060be6483ab63f67b61e404.png','20190829/3b940ccbd2c812acd3e5416299950e3f.png','LZHidkVZjcbC1EKs','7c59f21bc1f63d1f67adee78cc87977d',1567083174,1,500.00000000,0.00000000,NULL,'PVOIL2HQICVLBUTN|0|0',2.0000,0.0000,0.0000,0,1,1,0,NULL,NULL,0.0000,NULL,NULL,NULL,NULL,NULL,NULL,NULL,0,0,0,0,0,0,0.00,0.15,0.10,'',0.30,3,0.00000000,500.00000000,0,0,0,0,0.00000000,0.00000000,'测试代理商'),
(6,'陈超','18596386668','4297f44b13955235245b2497399d7a93','e3ceb5881a0a1fdaad01296d7554868d',NULL,'370983198701100558','20190902/a02fa6ad96ea2ee5df9cbd88f8528404.jpg','20190902/bc65b9143e7c5831f99e45fb1315d1c9.jpg','cIPBDs97dP2iMklV','c46c36e3f2dcccd54806a89c373ae856',1567419865,1,1000.00000000,0.00000000,NULL,'IB7KS5ON3OPT7R5C|0|0',2.0000,0.0000,0.0000,3,1,0,1,NULL,'0xd8865a9f321e8241629afca7e447d89b1937f11b',0.0000,NULL,NULL,NULL,NULL,NULL,NULL,NULL,0,0,0,0,0,0,0.15,0.00,0.00,'',0.00,2,0.00000000,0.00000000,0,0,0,0,0.00000000,0.00000000,'小霸王'),
(8,'郝栋超','13383309776','e10adc3949ba59abbe56e057f20f883e','7c7ac29f70178840ea655e24e76aa0b0',NULL,'130481198702031078','20190915/2b6718db8ea910abebb238e30ee33dc3.jpg','20190915/1dec7f830d88a38792d64af87171a446.png','DtATYOzUr91UeU5b','ee9ce85f380ac79852902ae63cf52aee',1568533961,1,0.00000000,0.00000000,NULL,NULL,0.0000,0.0000,0.0000,0,1,0,0,NULL,NULL,0.0000,NULL,NULL,NULL,NULL,NULL,NULL,NULL,0,0,0,0,0,0,0.00,0.00,0.00,NULL,0.00,1,0.00000000,0.00000000,0,0,0,0,0.00000000,0.00000000,'1111'),
(9,'一千','13113427817','e10adc3949ba59abbe56e057f20f883e','4297f44b13955235245b2497399d7a93',NULL,'123456789123456789',NULL,NULL,'DLOdMb8TwPTS6nbo','de502d24fe6e4ab8ba5487d691612690',1568947791,1,99886.36363636,113.63636364,NULL,'EPQJHOLBRB6CCKKC|0|1',0.0000,0.0000,0.0000,0,1,0,1,NULL,'0xe996036921340f77df97e15f0a4b628e6139362d',0.0000,NULL,NULL,NULL,NULL,NULL,NULL,NULL,1,107,1,6,0,0,0.00,0.00,0.00,NULL,0.00,2,0.00000000,0.00000000,2,0,1,1,28.40909091,28.40909091,'一千'),
(10,'王艳','13373156547','830bd55ee7d5ce1b2c4eab5240bcd06b','78707fab6fc79c5ae989fc0bbf64984d',NULL,'220303197608312220',NULL,NULL,'mVYlycy0neBFSrqh','ef637161ddb35124bde90f1c1e2fa520',1568948433,1,0.00000000,0.00000000,NULL,'UGUKV5JPTETGAAL7|1|1',0.0000,0.0000,0.0000,0,1,0,1,NULL,'0x315d9ad61efb1a438ecfa06247f710fcb980567b',0.0000,NULL,NULL,NULL,NULL,NULL,NULL,NULL,0,0,0,0,0,0,0.00,0.00,0.00,NULL,0.00,2,0.00000000,0.00000000,0,0,0,0,0.00000000,0.00000000,'sun'),
(11,'许丽云','13336586882','8a6f2805b4515ac12058e79e66539be9','7608f7253d78eb019e039e84148bb235',NULL,'44172119740924302X',NULL,NULL,'ivmsOtWnjUSO74yT','5434a115b0896a80aef137352b6a7d23',1568951811,1,0.00000000,0.00000000,NULL,NULL,0.0000,0.0000,0.0000,0,1,0,1,NULL,NULL,0.0000,NULL,NULL,NULL,NULL,NULL,NULL,NULL,0,0,0,0,0,0,0.00,0.00,0.00,NULL,0.00,2,0.00000000,0.00000000,0,0,0,0,0.00000000,0.00000000,'云云'),
(12,'于舰','18202647891','213d498290a953b188a12d38e3838041','87eadfc269a9e040bc75ec176045c6f3',NULL,'220303198801222619',NULL,NULL,'TEwEruGuO0RHWmFO','2c5bbe06c46f44274555e0d4fc6da8f2',1568953633,1,0.00000000,0.00000000,NULL,'X5RBI43FBD55B3JD|1|1',0.0000,0.0000,0.0000,0,1,0,1,NULL,NULL,0.0000,NULL,NULL,NULL,NULL,NULL,NULL,NULL,0,0,0,0,0,0,0.00,0.00,0.00,NULL,0.00,2,0.00000000,0.00000000,0,0,0,0,0.00000000,0.00000000,'于舰'),
(13,'王唯','13304348490','213d498290a953b188a12d38e3838041','87eadfc269a9e040bc75ec176045c6f3',NULL,'220303196306072626',NULL,NULL,'iOeVrtx7Cje5TCmi','ff025d9b7ea5821c97c68c4541cffc37',1568953833,1,0.00000000,0.00000000,NULL,'IIRTCDE6JIBSOAAM|1|1',0.0000,0.0000,0.0000,0,1,0,1,NULL,NULL,0.0000,NULL,NULL,NULL,NULL,NULL,NULL,NULL,0,0,0,0,0,0,0.00,0.00,0.00,NULL,0.00,2,0.00000000,0.00000000,0,0,0,0,0.00000000,0.00000000,'王唯'),
(14,'赖尾','15917082238','8a6f2805b4515ac12058e79e66539be9','7608f7253d78eb019e039e84148bb235',NULL,'441721196712013011',NULL,NULL,'mGajmU1edLKTccWb','787249468bd2dbb3786a6a2f3941a5f3',1568955711,1,0.00000000,0.00000000,NULL,NULL,0.0000,0.0000,0.0000,0,1,0,1,NULL,NULL,0.0000,NULL,NULL,NULL,NULL,NULL,NULL,NULL,0,0,0,0,0,0,0.00,0.00,0.00,NULL,0.00,2,0.00000000,0.00000000,0,0,0,0,0.00000000,0.00000000,'中国人'),
(15,'刘丽','15633971910','830bd55ee7d5ce1b2c4eab5240bcd06b','2f673c63a1851b9f6ee457bbcbda2ff1',NULL,'130221198202285322',NULL,NULL,'MgL7OrgkPVBtPxMW','f9e4b1a9d793e23ab104b4afb70217a7',1568959123,1,0.00000000,0.00000000,NULL,NULL,0.0000,0.0000,0.0000,0,1,0,1,NULL,NULL,0.0000,NULL,NULL,NULL,NULL,NULL,NULL,NULL,0,0,0,0,0,0,0.00,0.00,0.00,NULL,0.00,2,0.00000000,0.00000000,0,0,0,0,0.00000000,0.00000000,'sen'),
(16,'杨小琴','13680672731','8a6f2805b4515ac12058e79e66539be9','7608f7253d78eb019e039e84148bb235',NULL,'440923197103081040',NULL,NULL,'sptXHPSnvHZfH8o2','8c0e916a996e4c50be6140a72b2a789b',1568959278,1,0.00000000,0.00000000,NULL,NULL,0.0000,0.0000,0.0000,0,1,0,1,NULL,NULL,0.0000,NULL,NULL,NULL,NULL,NULL,NULL,NULL,0,0,0,0,0,0,0.00,0.00,0.00,NULL,0.00,2,0.00000000,0.00000000,0,0,0,0,0.00000000,0.00000000,'琴声依旧'),
(17,'黄承帅','13542629758','8a6f2805b4515ac12058e79e66539be9','7608f7253d78eb019e039e84148bb235',NULL,'440726196708065215',NULL,NULL,'SdNzsuNPLer7adzW','16e52c7d9afbabbb405b3035e59243fd',1568959552,1,0.00000000,0.00000000,NULL,NULL,0.0000,0.0000,0.0000,0,1,0,1,NULL,NULL,0.0000,NULL,NULL,NULL,NULL,NULL,NULL,NULL,0,0,0,0,0,0,0.00,0.00,0.00,NULL,0.00,2,0.00000000,0.00000000,0,0,0,0,0.00000000,0.00000000,'知足常乐'),
(18,'陈生','12345678912','e10adc3949ba59abbe56e057f20f883e','4297f44b13955235245b2497399d7a93',NULL,'123456789987654321',NULL,NULL,'zt5cfIW6O1Uo7pDj','8c4e10d2abbba640a04382af9ac79e79',1568961118,1,0.00000000,0.00000000,NULL,'GQHKLD6NKZJQQ4F5|0|1',0.0000,0.0000,0.0000,0,1,0,0,NULL,NULL,0.0000,NULL,NULL,NULL,NULL,NULL,NULL,NULL,0,0,0,0,0,0,0.00,0.00,0.00,NULL,0.00,1,0.00000000,0.00000000,0,0,0,0,0.00000000,0.00000000,'陈生');

/*Table structure for table `think_merchant_apilog` */

DROP TABLE IF EXISTS `think_merchant_apilog`;

CREATE TABLE `think_merchant_apilog` (
  `id` int(10) unsigned NOT NULL AUTO_INCREMENT,
  `uid` int(11) DEFAULT NULL,
  `duid` int(11) DEFAULT NULL,
  `api_name` varchar(50) DEFAULT NULL,
  `request_param` varchar(255) DEFAULT NULL,
  `return_param` text,
  `create_time` int(11) DEFAULT NULL,
  PRIMARY KEY (`id`)
) ENGINE=MyISAM AUTO_INCREMENT=2 DEFAULT CHARSET=utf8;

/*Data for the table `think_merchant_apilog` */

/*Table structure for table `think_merchant_bankcard` */

DROP TABLE IF EXISTS `think_merchant_bankcard`;

CREATE TABLE `think_merchant_bankcard` (
  `id` int(10) unsigned NOT NULL AUTO_INCREMENT,
  `merchant_id` int(11) NOT NULL DEFAULT '0',
  `name` varchar(50) DEFAULT NULL,
  `c_bank` varchar(20) DEFAULT NULL,
  `c_bank_detail` varchar(100) DEFAULT NULL,
  `c_bank_card` varchar(100) DEFAULT NULL,
  `create_time` int(11) DEFAULT '0',
  `update_time` int(11) DEFAULT '0',
  `truename` varchar(50) DEFAULT NULL,
  PRIMARY KEY (`id`)
) ENGINE=InnoDB AUTO_INCREMENT=4 DEFAULT CHARSET=utf8;

/*Data for the table `think_merchant_bankcard` */

insert  into `think_merchant_bankcard`(`id`,`merchant_id`,`name`,`c_bank`,`c_bank_detail`,`c_bank_card`,`create_time`,`update_time`,`truename`) values 
(1,2,'银行卡1','中国银行','北京支行','10000000000000',1567128420,1567128420,'张三'),
(2,4,'李四的卡','建设银行','北京支行','1029389182903',1567129833,1567129833,'李四'),
(3,10,'1','建行','凤凰北支行','6236683090003736005',1568948983,1568948983,'王艳');

/*Table structure for table `think_merchant_log` */

DROP TABLE IF EXISTS `think_merchant_log`;

CREATE TABLE `think_merchant_log` (
  `log_id` int(11) NOT NULL AUTO_INCREMENT,
  `admin_id` int(11) DEFAULT NULL COMMENT '用户ID',
  `admin_name` varchar(50) DEFAULT NULL COMMENT '用户姓名',
  `description` varchar(300) DEFAULT NULL COMMENT '描述',
  `ip` char(60) DEFAULT NULL COMMENT 'IP地址',
  `status` tinyint(1) DEFAULT NULL COMMENT '1 成功 2 失败',
  `add_time` int(11) DEFAULT NULL COMMENT '添加时间',
  PRIMARY KEY (`log_id`)
) ENGINE=MyISAM AUTO_INCREMENT=75 DEFAULT CHARSET=utf8;

/*Data for the table `think_merchant_log` */

insert  into `think_merchant_log`(`log_id`,`admin_id`,`admin_name`,`description`,`ip`,`status`,`add_time`) values 
(74,9,'一千','用户【一千】登录成功','183.31.245.151',1,1568970664);

/*Table structure for table `think_merchant_recharge` */

DROP TABLE IF EXISTS `think_merchant_recharge`;

CREATE TABLE `think_merchant_recharge` (
  `id` int(10) unsigned NOT NULL AUTO_INCREMENT,
  `merchant_id` int(11) NOT NULL COMMENT '商户id',
  `from_address` varchar(255) NOT NULL COMMENT '转出地址',
  `to_address` varchar(255) DEFAULT NULL COMMENT '转入地址',
  `coinname` varchar(20) DEFAULT NULL COMMENT '币种',
  `txid` varchar(255) DEFAULT NULL COMMENT 'hash值',
  `num` decimal(20,8) DEFAULT '0.00000000' COMMENT '数量',
  `fee` decimal(20,8) DEFAULT '0.00000000' COMMENT '手续费',
  `mum` decimal(20,8) DEFAULT '0.00000000' COMMENT '实到',
  `addtime` int(11) DEFAULT NULL COMMENT '时间',
  `status` tinyint(2) DEFAULT '0' COMMENT '状态',
  `confirmations` tinyint(4) DEFAULT '0' COMMENT '确认数',
  PRIMARY KEY (`id`)
) ENGINE=MyISAM DEFAULT CHARSET=utf8;

/*Data for the table `think_merchant_recharge` */

/*Table structure for table `think_merchant_user_address` */

DROP TABLE IF EXISTS `think_merchant_user_address`;

CREATE TABLE `think_merchant_user_address` (
  `id` int(10) unsigned NOT NULL AUTO_INCREMENT,
  `merchant_id` int(11) NOT NULL COMMENT '商户id',
  `username` varchar(50) DEFAULT NULL COMMENT '用户名',
  `address` varchar(255) DEFAULT NULL COMMENT '钱包地址',
  `addtime` int(11) DEFAULT NULL COMMENT '申请时间',
  PRIMARY KEY (`id`)
) ENGINE=MyISAM AUTO_INCREMENT=20 DEFAULT CHARSET=utf8;

/*Data for the table `think_merchant_user_address` */

insert  into `think_merchant_user_address`(`id`,`merchant_id`,`username`,`address`,`addtime`) values 
(12,2,'admin','0x11a7500e3e6bde9d94a585161dffe05a93012860',1567239426),
(13,2,'admin','0x11a7500e3e6bde9d94a585161dffe05a93012860',1567239429),
(14,2,'admin','0x11a7500e3e6bde9d94a585161dffe05a93012860',1567239430),
(15,4,'admin','0x6d8ffc3c999de02900a7e13a58ee5472b0029a59',1567311675),
(16,5,'admin','0x0f491c4675a84d7c40e538b1737568ae48d40f21',1567475387),
(17,6,NULL,'0xd8865a9f321e8241629afca7e447d89b1937f11b',1567502485),
(18,10,'admin','0x315d9ad61efb1a438ecfa06247f710fcb980567b',1568948840),
(19,9,'admin','0xe996036921340f77df97e15f0a4b628e6139362d',1568962442);

/*Table structure for table `think_merchant_user_recharge` */

DROP TABLE IF EXISTS `think_merchant_user_recharge`;

CREATE TABLE `think_merchant_user_recharge` (
  `id` int(10) unsigned NOT NULL AUTO_INCREMENT,
  `merchant_id` int(11) NOT NULL COMMENT '商户id',
  `from_address` varchar(255) NOT NULL COMMENT '转出地址',
  `to_address` varchar(255) DEFAULT NULL COMMENT '转入地址',
  `coinname` varchar(20) DEFAULT NULL COMMENT '币种',
  `txid` varchar(255) DEFAULT NULL COMMENT 'hash值',
  `num` decimal(20,8) DEFAULT '0.00000000' COMMENT '数量',
  `fee` decimal(20,8) DEFAULT '0.00000000' COMMENT '手续费',
  `mum` decimal(20,8) DEFAULT '0.00000000' COMMENT '实到',
  `addtime` int(11) DEFAULT NULL COMMENT '时间',
  `status` tinyint(2) DEFAULT '0' COMMENT '状态',
  `confirmations` tinyint(4) DEFAULT '0' COMMENT '确认数',
  PRIMARY KEY (`id`)
) ENGINE=MyISAM AUTO_INCREMENT=6 DEFAULT CHARSET=utf8;

/*Data for the table `think_merchant_user_recharge` */

/*Table structure for table `think_merchant_user_withdraw` */

DROP TABLE IF EXISTS `think_merchant_user_withdraw`;

CREATE TABLE `think_merchant_user_withdraw` (
  `id` int(10) unsigned NOT NULL AUTO_INCREMENT,
  `merchant_id` int(11) NOT NULL COMMENT '商户id',
  `address` varchar(255) DEFAULT NULL,
  `username` varchar(20) DEFAULT NULL COMMENT '用户名',
  `num` decimal(20,8) DEFAULT '0.00000000' COMMENT '数量',
  `fee` decimal(20,8) DEFAULT '0.00000000' COMMENT '手续费',
  `mum` decimal(20,8) DEFAULT '0.00000000' COMMENT '实到',
  `txid` varchar(255) DEFAULT NULL COMMENT 'hash值',
  `addtime` int(11) NOT NULL,
  `status` tinyint(2) DEFAULT '0' COMMENT '状态，0:待审核，1:通过，2:拒绝，3:撤销',
  `endtime` int(11) DEFAULT NULL COMMENT '完成实际',
  `ordersn` varchar(255) DEFAULT NULL COMMENT '订单号唯一标识',
  `type` smallint(6) DEFAULT NULL COMMENT '1:走钱包,2:不走钱包',
  PRIMARY KEY (`id`)
) ENGINE=MyISAM AUTO_INCREMENT=5 DEFAULT CHARSET=utf8;

/*Data for the table `think_merchant_user_withdraw` */

/*Table structure for table `think_merchant_withdraw` */

DROP TABLE IF EXISTS `think_merchant_withdraw`;

CREATE TABLE `think_merchant_withdraw` (
  `id` int(10) unsigned NOT NULL AUTO_INCREMENT,
  `merchant_id` int(11) NOT NULL COMMENT '商户id',
  `username` varchar(255) DEFAULT NULL COMMENT '用户名',
  `address` varchar(255) DEFAULT NULL COMMENT '转入地址',
  `num` decimal(20,8) DEFAULT '0.00000000' COMMENT '数量',
  `fee` decimal(20,8) DEFAULT '0.00000000' COMMENT '手续费',
  `mum` decimal(20,8) DEFAULT '0.00000000' COMMENT '实到',
  `note` varchar(255) DEFAULT NULL COMMENT '备注',
  `txid` varchar(255) DEFAULT NULL COMMENT 'hash值',
  `addtime` int(11) DEFAULT NULL,
  `status` tinyint(2) DEFAULT '0' COMMENT '状态，0:待审核，1:通过，2:拒绝，3:撤销',
  `endtime` int(11) DEFAULT NULL COMMENT '完成实际',
  `ordersn` varchar(255) DEFAULT NULL COMMENT '订单号，唯一标识',
  `type` smallint(6) DEFAULT NULL COMMENT '1:走钱包,2:不走钱包',
  PRIMARY KEY (`id`)
) ENGINE=InnoDB AUTO_INCREMENT=4 DEFAULT CHARSET=utf8;

/*Data for the table `think_merchant_withdraw` */

insert  into `think_merchant_withdraw`(`id`,`merchant_id`,`username`,`address`,`num`,`fee`,`mum`,`note`,`txid`,`addtime`,`status`,`endtime`,`ordersn`,`type`) values 
(1,2,NULL,'0x8499b4e12BA8F8C36a23FcEeCDBAee29Efd5Ab72',10.00000000,3.00000000,7.00000000,'','',1567227202,1,1567335803,'M2T8312720265812PS788',2),
(2,1,NULL,'0x05F72bE0CB7Cf86f41a49788C7CCaCC3DC80034C',500.00000000,6.00000000,494.00000000,'','',1567478879,1,1567479025,'M1T9037887951587PS112',2),
(3,3,NULL,'0x05F72bE0CB7Cf86f41a49788C7CCaCC3DC80034C',500.00000000,5.00000000,495.00000000,'','',1567479739,1,1567479767,'M3T9037973919624PS256',2);

/*Table structure for table `think_merchant_wx` */

DROP TABLE IF EXISTS `think_merchant_wx`;

CREATE TABLE `think_merchant_wx` (
  `id` int(10) unsigned NOT NULL AUTO_INCREMENT,
  `merchant_id` int(11) NOT NULL DEFAULT '0',
  `name` varchar(50) DEFAULT NULL,
  `c_bank` varchar(20) DEFAULT NULL,
  `c_bank_detail` varchar(100) DEFAULT NULL,
  `c_bank_card` varchar(100) DEFAULT NULL,
  `create_time` int(11) DEFAULT '0',
  `update_time` int(11) DEFAULT '0',
  `truename` varchar(50) DEFAULT NULL,
  PRIMARY KEY (`id`)
) ENGINE=InnoDB AUTO_INCREMENT=4 DEFAULT CHARSET=utf8;

/*Data for the table `think_merchant_wx` */

insert  into `think_merchant_wx`(`id`,`merchant_id`,`name`,`c_bank`,`c_bank_detail`,`c_bank_card`,`create_time`,`update_time`,`truename`) values 
(1,2,'微信账户1','123','20190830/e387a79f85c878b49e190a485e60c5d5.png',NULL,1567134696,1567134696,'司法局'),
(2,4,'1','1','20190901/7ed61295f96bce831000d24c8053d0ee.jpg',NULL,1567306550,1567306550,'1'),
(3,10,'2','15833523795','20190920/70979ff338184f4dde61040a7e4fde2d.jpg',NULL,1568949248,1568949248,'王艳');

/*Table structure for table `think_merchant_ysf` */

DROP TABLE IF EXISTS `think_merchant_ysf`;

CREATE TABLE `think_merchant_ysf` (
  `id` int(10) unsigned NOT NULL AUTO_INCREMENT,
  `merchant_id` int(11) NOT NULL DEFAULT '0',
  `name` varchar(50) DEFAULT NULL,
  `c_bank` varchar(20) DEFAULT NULL,
  `c_bank_detail` varchar(100) DEFAULT NULL,
  `c_bank_card` varchar(100) DEFAULT NULL,
  `create_time` int(11) DEFAULT '0',
  `update_time` int(11) DEFAULT '0',
  `truename` varchar(50) DEFAULT NULL,
  PRIMARY KEY (`id`)
) ENGINE=InnoDB AUTO_INCREMENT=2 DEFAULT CHARSET=utf8;

/*Data for the table `think_merchant_ysf` */

insert  into `think_merchant_ysf`(`id`,`merchant_id`,`name`,`c_bank`,`c_bank_detail`,`c_bank_card`,`create_time`,`update_time`,`truename`) values 
(1,2,'云闪付1',NULL,'20190830/5a675f3bb8c080f943b0ecd3d10d804e.png',NULL,1567132720,1567132720,'设计费');

/*Table structure for table `think_merchant_zfb` */

DROP TABLE IF EXISTS `think_merchant_zfb`;

CREATE TABLE `think_merchant_zfb` (
  `id` int(10) unsigned NOT NULL AUTO_INCREMENT,
  `merchant_id` int(11) NOT NULL DEFAULT '0',
  `name` varchar(50) DEFAULT NULL,
  `c_bank` varchar(20) DEFAULT NULL,
  `c_bank_detail` varchar(100) DEFAULT NULL,
  `c_bank_card` varchar(100) DEFAULT NULL,
  `create_time` int(11) DEFAULT '0',
  `update_time` int(11) DEFAULT '0',
  `truename` varchar(50) DEFAULT NULL,
  PRIMARY KEY (`id`)
) ENGINE=InnoDB AUTO_INCREMENT=7 DEFAULT CHARSET=utf8;

/*Data for the table `think_merchant_zfb` */

insert  into `think_merchant_zfb`(`id`,`merchant_id`,`name`,`c_bank`,`c_bank_detail`,`c_bank_card`,`create_time`,`update_time`,`truename`) values 
(1,2,'支付宝1','123@123.com','20190830/b6bc103112f2890984d0b7f53eb14d5f.png',NULL,1567128449,1567128449,'张三'),
(2,4,'李四支付宝','12303@123.com','20190830/4e01536d74dbb81570492b553b1fc9db.png',NULL,1567129866,1567129866,'李四'),
(3,1,'1这是考虑的','123@123.com','20190831/26f813e2a0c06983bfbeaed6e8303617.png',NULL,1567229748,1567229748,'水电费'),
(4,6,'支付1','','20190919/4d65850ea8160523e4793f0c6c089bd9.jpg',NULL,1568890167,1568890167,'陈超'),
(5,10,'1','15833523795','20190920/6c37f5816ace28600f1785e8fbe3b2e9.jpg',NULL,1568949145,1568949145,'王艳'),
(6,9,'支付宝1','13113427817','20190920/70e0da32baf5bbb4018f32c2bb506c68.jpg',NULL,1568964162,1568964162,'陈楚钦');

/*Table structure for table `think_order_buy` */

DROP TABLE IF EXISTS `think_order_buy`;

CREATE TABLE `think_order_buy` (
  `id` int(11) NOT NULL AUTO_INCREMENT,
  `buy_id` int(10) NOT NULL COMMENT '买家的id',
  `buy_bid` int(11) NOT NULL DEFAULT '0' COMMENT '发布购买单子的id',
  `sell_id` int(10) NOT NULL COMMENT '卖家id',
  `sell_sid` int(10) NOT NULL DEFAULT '0' COMMENT '卖家发布买的id',
  `deal_amount` decimal(13,2) NOT NULL COMMENT '交易金额',
  `deal_price` decimal(13,2) NOT NULL DEFAULT '0.00' COMMENT '交易价格',
  `deal_ctype` int(2) NOT NULL DEFAULT '0' COMMENT '交易货币的种类',
  `deal_num` decimal(20,8) NOT NULL COMMENT '交易数量',
  `ctime` int(10) NOT NULL COMMENT '创建时间',
  `dktime` int(11) NOT NULL DEFAULT '0' COMMENT '打款时间',
  `ltime` int(10) NOT NULL DEFAULT '30' COMMENT '限时多长时间付款',
  `status` tinyint(2) NOT NULL DEFAULT '0' COMMENT '0代表已经拍下1代付款2待收货3代评价4已经完成5取消交易6处于申诉状态 需要管理员处理',
  `desc` varchar(100) DEFAULT NULL COMMENT '交易操作描述',
  `finished_time` int(10) DEFAULT NULL,
  `order_no` varchar(55) NOT NULL COMMENT '订单编号',
  `cancle_op` int(1) NOT NULL DEFAULT '0' COMMENT '0默手动取消交易1为此交易已关闭，因为未及时将付款标记为完成。如果您已付款，请要求卖家重新打开交易。',
  `buy_pj` int(1) DEFAULT '0' COMMENT '来自买家的评价',
  `sell_pj` int(1) DEFAULT '0' COMMENT '来自卖家的评价',
  `su_type` int(1) NOT NULL DEFAULT '0' COMMENT '1我已付款，但卖家没有放行我比特币2卖家未遵守交易挂单条款',
  `su_reason` text,
  `sutp` varchar(255) DEFAULT NULL COMMENT '上传路径',
  `type` tinyint(1) NOT NULL DEFAULT '1',
  `deal_coin` int(10) NOT NULL DEFAULT '0',
  `fee` decimal(20,8) NOT NULL DEFAULT '0.00000000',
  `buy_username` varchar(255) DEFAULT NULL,
  `buy_address` varchar(255) DEFAULT NULL,
  `return_url` varchar(255) DEFAULT NULL,
  `notify_url` varchar(255) DEFAULT NULL,
  `orderid` varchar(255) DEFAULT NULL,
  `platform_fee` decimal(20,8) DEFAULT '0.00000000' COMMENT '平台利润，交易员释放订单时更新',
  PRIMARY KEY (`id`),
  UNIQUE KEY `order_no` (`order_no`) USING BTREE,
  KEY `buy_id` (`buy_id`) USING BTREE,
  KEY `sell_id` (`sell_id`) USING BTREE,
  KEY `status` (`status`) USING BTREE
) ENGINE=InnoDB AUTO_INCREMENT=62 DEFAULT CHARSET=utf8;

/*Data for the table `think_order_buy` */

insert  into `think_order_buy`(`id`,`buy_id`,`buy_bid`,`sell_id`,`sell_sid`,`deal_amount`,`deal_price`,`deal_ctype`,`deal_num`,`ctime`,`dktime`,`ltime`,`status`,`desc`,`finished_time`,`order_no`,`cancle_op`,`buy_pj`,`sell_pj`,`su_type`,`su_reason`,`sutp`,`type`,`deal_coin`,`fee`,`buy_username`,`buy_address`,`return_url`,`notify_url`,`orderid`,`platform_fee`) values 
(59,9,0,9,49,200.00,7.04,0,28.40909091,1568965947,0,15,5,NULL,NULL,'E1234567899638523744',0,0,0,0,NULL,NULL,1,0,0.00000000,'tets111','0xe996036921340f77df97e15f0a4b628e6139362d','http://baidu.com/test.php','http://baidu.com/test.php','E1234567899638523744',0.00000000),
(60,9,0,9,49,200.00,7.04,0,28.40909091,1568966603,1568966623,15,4,NULL,1568966730,'E1234567899638524064',0,0,0,0,NULL,NULL,1,0,0.00000000,'tets111','0xe996036921340f77df97e15f0a4b628e6139362d','http://baidu.com/test.php','http://baidu.com/test.php','E1234567899638524064',0.00000000),
(61,9,0,9,49,200.00,7.04,0,28.40909091,1568967085,1568967112,15,6,NULL,NULL,'E1234567899638523561',0,0,0,0,'金额不对',NULL,1,0,0.00000000,'tets111','0xe996036921340f77df97e15f0a4b628e6139362d','http://192.168.56.1/PHP/test_cc.php','http://192.168.56.1/PHP/test_cc.php','E1234567899638523561',0.00000000);

/*Table structure for table `think_order_sell` */

DROP TABLE IF EXISTS `think_order_sell`;

CREATE TABLE `think_order_sell` (
  `id` bigint(20) NOT NULL AUTO_INCREMENT,
  `buy_id` int(10) NOT NULL COMMENT '买家的id',
  `buy_bid` int(11) NOT NULL DEFAULT '0' COMMENT '发布购买单子的id',
  `sell_id` int(10) NOT NULL COMMENT '卖家id',
  `sell_sid` int(10) NOT NULL DEFAULT '0' COMMENT '买家发布买的id',
  `deal_amount` decimal(20,2) NOT NULL COMMENT '交易金额',
  `deal_price` decimal(13,2) NOT NULL DEFAULT '0.00' COMMENT '交易价格',
  `deal_ctype` int(2) NOT NULL DEFAULT '0' COMMENT '交易货币种类',
  `deal_num` decimal(20,8) NOT NULL COMMENT '交易数量',
  `ctime` int(10) NOT NULL COMMENT '创建时间',
  `dktime` int(11) NOT NULL DEFAULT '0' COMMENT '打款时间',
  `ltime` int(10) NOT NULL DEFAULT '60' COMMENT '限时多长时间付款',
  `status` tinyint(2) NOT NULL DEFAULT '0' COMMENT '0代表已经拍下1代付款2待发货3代评价4已经完成5取消交易6处于申诉的状态管理员需要审核',
  `desc` varchar(100) DEFAULT NULL COMMENT '交易操作描述',
  `finished_time` int(10) DEFAULT NULL,
  `order_no` varchar(55) NOT NULL COMMENT '订单编号',
  `buy_pj` int(1) DEFAULT '0' COMMENT '买家给出的评价1好评2中评3差评',
  `sell_pj` int(1) DEFAULT '0' COMMENT '卖家给买家的评价',
  `su_type` int(1) NOT NULL DEFAULT '0' COMMENT '1 2',
  `su_reason` text,
  `cancle_op` int(2) NOT NULL DEFAULT '0' COMMENT '取消的原因',
  `sutp` varchar(155) DEFAULT NULL COMMENT '上传路径',
  `type` tinyint(1) NOT NULL DEFAULT '2',
  `deal_coin` int(10) NOT NULL DEFAULT '0',
  `fee` decimal(20,8) NOT NULL DEFAULT '0.00000000',
  `getpaymethod` varchar(255) DEFAULT NULL,
  `buyer_fee` decimal(20,8) DEFAULT '0.00000000' COMMENT '买家手续费，即交易员',
  `pay` varchar(255) DEFAULT NULL COMMENT '银行卡',
  `pay2` varchar(255) DEFAULT NULL COMMENT '支付宝',
  `pay3` varchar(255) DEFAULT NULL COMMENT '微信',
  `pay4` varchar(255) DEFAULT NULL COMMENT '云闪付',
  PRIMARY KEY (`id`),
  UNIQUE KEY `order_no` (`order_no`) USING BTREE,
  KEY `buy_id` (`buy_id`) USING BTREE,
  KEY `sell_id` (`sell_id`) USING BTREE,
  KEY `status` (`status`) USING BTREE
) ENGINE=InnoDB AUTO_INCREMENT=3 DEFAULT CHARSET=utf8;

/*Data for the table `think_order_sell` */

/*Table structure for table `think_question` */

DROP TABLE IF EXISTS `think_question`;

CREATE TABLE `think_question` (
  `id` int(10) unsigned NOT NULL AUTO_INCREMENT,
  `merchant_id` int(11) NOT NULL COMMENT '商户id',
  `type` tinyint(2) DEFAULT NULL COMMENT '问题类型，1：充值，2：提币，3：其他问题',
  `content` varchar(255) DEFAULT NULL COMMENT '内容',
  `reply` varchar(255) DEFAULT NULL COMMENT '回复',
  `addtime` int(11) DEFAULT NULL,
  PRIMARY KEY (`id`)
) ENGINE=MyISAM AUTO_INCREMENT=2 DEFAULT CHARSET=utf8;

/*Data for the table `think_question` */

insert  into `think_question`(`id`,`merchant_id`,`type`,`content`,`reply`,`addtime`) values 
(1,5,2,'到账时间慢',' 请提供账号',1567562344);

/*Table structure for table `think_statistics` */

DROP TABLE IF EXISTS `think_statistics`;

CREATE TABLE `think_statistics` (
  `id` int(10) unsigned NOT NULL AUTO_INCREMENT,
  `platform_profit` decimal(20,8) DEFAULT '0.00000000' COMMENT '平台利润，所有平台的手续费',
  `agent_reward` decimal(20,8) DEFAULT '0.00000000' COMMENT '代理商奖励总和',
  `trader_reward` decimal(20,8) DEFAULT '0.00000000' COMMENT '交易员奖励总和',
  `platform_usdt_amount` decimal(20,8) DEFAULT '0.00000000' COMMENT '平台现存usdt总数量，所有会员类型账户的冻结加活动',
  `recharge_total` decimal(20,8) DEFAULT '0.00000000' COMMENT '总充值数量',
  `withdraw_total` decimal(20,8) DEFAULT '0.00000000' COMMENT '总提币数量',
  `ad_sell_on_total` int(11) DEFAULT '0' COMMENT '现存挂单出售笔数，交易员发布出售的单子，不含下架的，不含数量低于0的',
  `order_sell_amount` decimal(20,8) DEFAULT '0.00000000' COMMENT '现存挂单出售总USDT，所有交易员挂单出售的usdt数量',
  `ad_buy_on_total` int(11) DEFAULT '0' COMMENT '求购笔数，交易员挂买单数量',
  `order_buy_amount` decimal(20,8) DEFAULT '0.00000000' COMMENT '求购总数量，挂单购买的总usdt数量',
  `create_time` int(11) DEFAULT NULL,
  PRIMARY KEY (`id`)
) ENGINE=MyISAM AUTO_INCREMENT=23 DEFAULT CHARSET=utf8;

/*Data for the table `think_statistics` */

insert  into `think_statistics`(`id`,`platform_profit`,`agent_reward`,`trader_reward`,`platform_usdt_amount`,`recharge_total`,`withdraw_total`,`ad_sell_on_total`,`order_sell_amount`,`ad_buy_on_total`,`order_buy_amount`,`create_time`) values 
(1,0.00000000,0.00000000,0.00000000,0.00000000,0.00000000,0.00000000,0,0.00000000,0,0.00000000,1567086395),
(2,0.00000000,0.00000000,0.00000000,31881.42857143,0.00000000,0.00000000,1,1000.00000000,0,0.00000000,1567267202),
(3,274.18381572,0.00000000,17.54178272,14682.54828771,0.00000000,7.00000000,2,1172.14484680,3,2016.06432783,1567353602),
(4,282.47873124,0.00000000,23.76296936,6163.69931879,0.00000000,7.00000000,0,0.00000000,0,0.00000000,1567440003),
(5,293.47873124,0.00000000,23.76296936,2003.00000000,0.00000000,996.00000000,0,0.00000000,0,0.00000000,1567526402),
(6,293.47873124,0.00000000,23.76296936,2003.00000000,0.00000000,996.00000000,0,0.00000000,0,0.00000000,1567612801),
(7,293.47873124,0.00000000,23.76296936,2003.00000000,0.00000000,996.00000000,0,0.00000000,0,0.00000000,1567699203),
(8,293.47873124,0.00000000,23.76296936,2003.00000000,0.00000000,996.00000000,0,0.00000000,0,0.00000000,1567785602),
(9,293.47873124,0.00000000,23.76296936,2003.00000000,0.00000000,996.00000000,0,0.00000000,0,0.00000000,1567872002),
(10,293.47873124,0.00000000,23.76296936,2003.00000000,0.00000000,996.00000000,0,0.00000000,0,0.00000000,1567958402),
(11,293.47873124,0.00000000,23.76296936,2003.00000000,0.00000000,996.00000000,0,0.00000000,0,0.00000000,1568044805),
(12,293.47873124,0.00000000,23.76296936,2003.00000000,0.00000000,996.00000000,0,0.00000000,0,0.00000000,1568131201),
(13,293.47873124,0.00000000,23.76296936,2003.00000000,0.00000000,996.00000000,0,0.00000000,0,0.00000000,1568217602),
(14,293.47873124,0.00000000,23.76296936,2001.50000000,0.00000000,996.00000000,0,0.00000000,0,0.00000000,1568304001),
(15,306.02930185,0.00000000,23.76296936,5573.32674750,0.00000000,996.00000000,0,0.00000000,0,0.00000000,1568390402),
(16,306.02930185,0.00000000,23.76296936,5573.32674750,0.00000000,996.00000000,0,0.00000000,0,0.00000000,1568476802),
(17,306.02930185,0.00000000,23.76296936,5573.32674750,0.00000000,996.00000000,0,0.00000000,0,0.00000000,1568563202),
(18,306.02930185,0.00000000,23.76296936,5573.32674750,0.00000000,996.00000000,0,0.00000000,0,0.00000000,1568649602),
(19,306.02930185,0.00000000,23.76296936,5573.32674750,0.00000000,996.00000000,0,0.00000000,0,0.00000000,1568736001),
(20,306.02930185,0.00000000,23.76296936,5573.32674750,0.00000000,996.00000000,0,0.00000000,0,0.00000000,1568741402),
(21,306.02930185,0.00000000,23.76296936,5573.32674750,0.00000000,996.00000000,0,0.00000000,0,0.00000000,1568827801),
(22,306.02930185,0.00000000,23.76296936,5573.32674750,0.00000000,996.00000000,0,0.00000000,0,0.00000000,1568914203);

/*Table structure for table `think_trader_reward` */

DROP TABLE IF EXISTS `think_trader_reward`;

CREATE TABLE `think_trader_reward` (
  `id` int(10) unsigned NOT NULL AUTO_INCREMENT,
  `uid` int(11) DEFAULT NULL,
  `duid` int(11) DEFAULT NULL,
  `amount` decimal(20,8) DEFAULT '0.00000000',
  `type` tinyint(4) DEFAULT '0' COMMENT '0:商户提币，1：用户提币，2：用户充值',
  `create_time` int(11) DEFAULT NULL,
  `orderid` int(11) DEFAULT NULL,
  PRIMARY KEY (`id`)
) ENGINE=InnoDB AUTO_INCREMENT=18 DEFAULT CHARSET=utf8;

/*Data for the table `think_trader_reward` */

insert  into `think_trader_reward`(`id`,`uid`,`duid`,`amount`,`type`,`create_time`,`orderid`) values 
(1,4,NULL,5.00000000,0,1567337614,27),
(2,4,NULL,2.00000000,0,1567337920,28),
(3,4,NULL,1.50000000,0,1567338136,29),
(4,4,NULL,1.50000000,0,1567339326,33),
(5,4,NULL,1.50000000,0,1567339733,34),
(6,4,NULL,1.50000000,0,1567339889,35),
(7,4,NULL,1.50000000,0,1567340109,36),
(8,4,NULL,1.50000000,0,1567340273,37),
(9,4,NULL,1.50000000,0,1567342042,39),
(10,4,NULL,0.02089136,0,1567349977,40),
(11,4,NULL,0.02089136,0,1567350197,41),
(12,4,NULL,0.02086231,0,1567420349,42),
(13,2,NULL,1.49170124,0,1567420978,18),
(14,4,NULL,1.50000000,0,1567421254,43),
(15,2,NULL,0.20862309,0,1567421299,44),
(16,2,NULL,1.50000000,0,1567421464,45),
(17,4,NULL,1.50000000,0,1567434807,46);

/*Table structure for table `think_user` */

DROP TABLE IF EXISTS `think_user`;

CREATE TABLE `think_user` (
  `id` int(10) unsigned NOT NULL AUTO_INCREMENT,
  `account` varchar(20) DEFAULT NULL COMMENT '认证的手机号码',
  `nickname` varchar(32) DEFAULT NULL COMMENT '昵称',
  `password` char(32) DEFAULT NULL,
  `head_img` varchar(255) DEFAULT NULL COMMENT '头像',
  `status` tinyint(1) DEFAULT NULL COMMENT '1激活  0 未激活',
  `token` varchar(255) DEFAULT '0' COMMENT '令牌',
  PRIMARY KEY (`id`)
) ENGINE=MyISAM AUTO_INCREMENT=4 DEFAULT CHARSET=utf8;

/*Data for the table `think_user` */

insert  into `think_user`(`id`,`account`,`nickname`,`password`,`head_img`,`status`,`token`) values 
(1,'13800138000','13800138000','e10adc3949ba59abbe56e057f20f883e','',1,'LWBYIiLWinNiulNXYD1UzGgfynNx+gy/zmq5Ega0E0we4a0WyB8UaG4x+VKRoc9CG4e1BXrqZww='),
(2,'18993075721','7245','e10adc3949ba59abbe56e057f20f883e','',1,'VslU7gKYuddZFPq4ssWLZCNYBsi3YQIicyG1jm5pUfvZHI4qw03b3A2sygA4efLyWHRkYBQX8LAscwsA7sLzhg=='),
(3,'15095340657','45245','e10adc3949ba59abbe56e057f20f883e','',1,'2d8471d156a9e6db155145571cedea5a');

/*!40101 SET SQL_MODE=@OLD_SQL_MODE */;
/*!40014 SET FOREIGN_KEY_CHECKS=@OLD_FOREIGN_KEY_CHECKS */;
/*!40014 SET UNIQUE_CHECKS=@OLD_UNIQUE_CHECKS */;
/*!40111 SET SQL_NOTES=@OLD_SQL_NOTES */;
